series,Lab,Manufacturer,Device,Report,Power [W],Case Temperature,Ambient Temperature,Drive Current,Relative Humidity,Vf [V],phi [lm],0,168,480,489,490,500,504,505,510,513,514,524,541,549,1000,1004,1006,1008,1020,1021,1025,1044,1052,1053,1512,1698,1710,1711,1712,1718,1719,1721,1722,1744,1745,1800,1801,1974,2000,2016,2354,2355,2380,2386,2388,2389,2400,2401,2402,2520,2944,3000,3024,3049,3115,3116,3124,3125,3127,3128,3142,3173,3174,3226,3528,3766,3768,3769,3770,3802,3803,3810,3812,3813,3815,3830,3839,3840,4000,4032,4480,4482,4483,4484,4485,4493,4494,4501,4502,4503,4504,4505,4536,4545,4977,5000,5040,5184,5185,5210,5214,5216,5217,5218,5231,5233,5234,5236,5310,5311,5312,5544,6000,6014,6015,6025,6027,6028,6029,6041,6043,6044,6046,6048,6114,6115,6798,6800,6804,6805,6806,6807,6809,7000,7056,7601,7608,7610,7611,8000,8064,8436,8438,8440,8441,9000,9269,9270,9271,10000,10006,10008,10009,10100
1895,Cree Durham,Cree,XPEHEW,CLD-AP65,2.177,45.0,45.0,700,45,3.11,152.0,100,100.9,,,,,,,,,,,,,,,,102.7,,,,,,,101.3,,,,,,,,,,,,,,,101.5,,,,,,,,,,102.4,,,102.9,,,,,,,,,,,,103.3,,,,,,,,,,,,,,,102.9,,,,,,,,,,,,,102.1,,,,101.8,,,,,,,,,,,,,,,102.4,,,,,,,,,,,,101.9,,,,,,,,,,,,,,,,,,,,,,,,,,,,,,
1896,Cree Durham,Cree,XPEHEW,CLD-AP65,2.177,45.0,45.0,700,45,3.11,174.0,100,100.4,,,,,,,,,,,,,,,,102.8,,,,,,,100.6,,,,,,,,,,,,,,,99.9,,,,,,,,,,100.1,,,100.6,,,,,,,,,,,,101.3,,,,,,,,,,,,,,,101.9,,,,,,,,,,,,,102.0,,,,101.4,,,,,,,,,,,,,,,101.6,,,,,,,,,,,,99.8,,,,,,,,,,,,,,,,,,,,,,,,,,,,,,
1897,Cree Durham,Cree,XPEHEW,CLD-AP65,2.17,45.0,45.0,700,45,3.1,162.2,100,99.8,,,,,,,,,,,,,,,,100.9,,,,,,,100.1,,,,,,,,,,,,,,,99.9,,,,,,,,,,100.9,,,101.6,,,,,,,,,,,,102.1,,,,,,,,,,,,,,,102.1,,,,,,,,,,,,,101.6,,,,101.1,,,,,,,,,,,,,,,101.8,,,,,,,,,,,,102.2,,,,,,,,,,,,,,,,,,,,,,,,,,,,,,
1898,Cree Durham,Cree,XPEHEW,CLD-AP65,2.177,45.0,45.0,700,45,3.11,172.4,100,97.3,,,,,,,,,,,,,,,,100.0,,,,,,,98.4,,,,,,,,,,,,,,,98.5,,,,,,,,,,99.1,,,99.4,,,,,,,,,,,,99.9,,,,,,,,,,,,,,,100.2,,,,,,,,,,,,,100.1,,,,99.1,,,,,,,,,,,,,,,99.8,,,,,,,,,,,,99.5,,,,,,,,,,,,,,,,,,,,,,,,,,,,,,
1899,Cree Durham,Cree,XPEHEW,CLD-AP65,2.177,45.0,45.0,700,45,3.11,164.0,100,100.1,,,,,,,,,,,,,,,,101.1,,,,,,,99.9,,,,,,,,,,,,,,,99.9,,,,,,,,,,101.4,,,101.6,,,,,,,,,,,,102.0,,,,,,,,,,,,,,,102.4,,,,,,,,,,,,,102.4,,,,101.5,,,,,,,,,,,,,,,101.5,,,,,,,,,,,,102.0,,,,,,,,,,,,,,,,,,,,,,,,,,,,,,
1900,Cree Durham,Cree,XPEHEW,CLD-AP65,2.184,45.0,45.0,700,45,3.12,156.1,100,100.6,,,,,,,,,,,,,,,,103.2,,,,,,,101.5,,,,,,,,,,,,,,,101.2,,,,,,,,,,102.0,,,102.8,,,,,,,,,,,,103.1,,,,,,,,,,,,,,,103.5,,,,,,,,,,,,,103.8,,,,102.6,,,,,,,,,,,,,,,102.9,,,,,,,,,,,,103.9,,,,,,,,,,,,,,,,,,,,,,,,,,,,,,
1901,Cree Durham,Cree,XPEHEW,CLD-AP65,2.205,45.0,45.0,700,45,3.15,168.5,100,100.8,,,,,,,,,,,,,,,,101.8,,,,,,,101.3,,,,,,,,,,,,,,,100.5,,,,,,,,,,100.2,,,101.5,,,,,,,,,,,,101.0,,,,,,,,,,,,,,,100.8,,,,,,,,,,,,,101.1,,,,99.7,,,,,,,,,,,,,,,100.7,,,,,,,,,,,,99.3,,,,,,,,,,,,,,,,,,,,,,,,,,,,,,
1902,Cree Durham,Cree,XPEHEW,CLD-AP65,2.198,45.0,45.0,700,45,3.14,158.3,100,100.7,,,,,,,,,,,,,,,,102.4,,,,,,,101.4,,,,,,,,,,,,,,,100.9,,,,,,,,,,100.8,,,101.9,,,,,,,,,,,,101.2,,,,,,,,,,,,,,,101.0,,,,,,,,,,,,,101.6,,,,99.6,,,,,,,,,,,,,,,101.3,,,,,,,,,,,,100.1,,,,,,,,,,,,,,,,,,,,,,,,,,,,,,
1903,Cree Durham,Cree,XPEHEW,CLD-AP65,2.226,45.0,45.0,700,45,3.18,176.9,100,100.1,,,,,,,,,,,,,,,,100.3,,,,,,,99.4,,,,,,,,,,,,,,,98.9,,,,,,,,,,98.9,,,100.6,,,,,,,,,,,,99.8,,,,,,,,,,,,,,,99.3,,,,,,,,,,,,,99.6,,,,98.1,,,,,,,,,,,,,,,99.0,,,,,,,,,,,,98.4,,,,,,,,,,,,,,,,,,,,,,,,,,,,,,
1904,Cree Durham,Cree,XPEHEW,CLD-AP65,2.219,45.0,45.0,700,45,3.17,164.5,100,100.0,,,,,,,,,,,,,,,,100.4,,,,,,,99.5,,,,,,,,,,,,,,,99.4,,,,,,,,,,99.5,,,100.5,,,,,,,,,,,,99.8,,,,,,,,,,,,,,,99.7,,,,,,,,,,,,,100.2,,,,98.7,,,,,,,,,,,,,,,100.0,,,,,,,,,,,,97.6,,,,,,,,,,,,,,,,,,,,,,,,,,,,,,
1905,Cree Durham,Cree,XPEHEW,CLD-AP65,2.212,45.0,45.0,700,45,3.16,150.8,100,101.8,,,,,,,,,,,,,,,,103.6,,,,,,,103.1,,,,,,,,,,,,,,,102.3,,,,,,,,,,101.9,,,102.3,,,,,,,,,,,,101.5,,,,,,,,,,,,,,,100.3,,,,,,,,,,,,,99.9,,,,99.7,,,,,,,,,,,,,,,101.0,,,,,,,,,,,,99.6,,,,,,,,,,,,,,,,,,,,,,,,,,,,,,
1906,Cree Durham,Cree,XPEHEW,CLD-AP65,2.226,45.0,45.0,700,45,3.18,163.5,100,100.5,,,,,,,,,,,,,,,,101.0,,,,,,,100.2,,,,,,,,,,,,,,,99.2,,,,,,,,,,98.7,,,99.9,,,,,,,,,,,,99.8,,,,,,,,,,,,,,,99.0,,,,,,,,,,,,,98.5,,,,98.0,,,,,,,,,,,,,,,98.7,,,,,,,,,,,,97.7,,,,,,,,,,,,,,,,,,,,,,,,,,,,,,
1907,Cree Durham,Cree,XPEHEW,CLD-AP65,2.198,45.0,45.0,700,45,3.14,158.9,100,99.6,,,,,,,,,,,,,,,,101.9,,,,,,,101.8,,,,,,,,,,,,,,,101.0,,,,,,,,,,100.5,,,101.6,,,,,,,,,,,,101.3,,,,,,,,,,,,,,,100.0,,,,,,,,,,,,,99.1,,,,98.5,,,,,,,,,,,,,,,99.5,,,,,,,,,,,,98.1,,,,,,,,,,,,,,,,,,,,,,,,,,,,,,
1908,Cree Durham,Cree,XPEHEW,CLD-AP65,2.205,45.0,45.0,700,45,3.15,161.5,100,102.4,,,,,,,,,,,,,,,,103.7,,,,,,,103.1,,,,,,,,,,,,,,,101.9,,,,,,,,,,101.0,,,102.6,,,,,,,,,,,,102.1,,,,,,,,,,,,,,,101.5,,,,,,,,,,,,,101.3,,,,100.6,,,,,,,,,,,,,,,101.7,,,,,,,,,,,,100.0,,,,,,,,,,,,,,,,,,,,,,,,,,,,,,
1909,Cree Durham,Cree,XPEHEW,CLD-AP65,2.226,45.0,45.0,700,45,3.18,173.1,100,100.3,,,,,,,,,,,,,,,,100.1,,,,,,,99.3,,,,,,,,,,,,,,,98.3,,,,,,,,,,97.9,,,99.5,,,,,,,,,,,,99.5,,,,,,,,,,,,,,,98.7,,,,,,,,,,,,,97.9,,,,97.4,,,,,,,,,,,,,,,98.5,,,,,,,,,,,,97.4,,,,,,,,,,,,,,,,,,,,,,,,,,,,,,
1910,Cree Durham,Cree,XPEHEW,CLD-AP65,2.226,45.0,45.0,700,45,3.18,157.3,100,102.5,,,,,,,,,,,,,,,,103.6,,,,,,,103.3,,,,,,,,,,,,,,,102.3,,,,,,,,,,101.6,,,103.7,,,,,,,,,,,,103.3,,,,,,,,,,,,,,,102.3,,,,,,,,,,,,,101.7,,,,101.4,,,,,,,,,,,,,,,102.8,,,,,,,,,,,,100.8,,,,,,,,,,,,,,,,,,,,,,,,,,,,,,
1911,Cree Durham,Cree,XPEHEW,CLD-AP65,2.212,45.0,45.0,700,45,3.16,161.9,100,100.5,,,,,,,,,,,,,,,,99.7,,,,,,,99.8,,,,,,,,,,,,,,,100.6,,,,,,,,,,101.4,,,101.1,,,,,,,,,,,,100.8,,,,,,,,,,,,,,,100.2,,,,,,,,,,,,,99.8,,,,99.2,,,,,,,,,,,,,,,99.6,,,,,,,,,,,,99.4,,,,,,,,,,,,,,,,,,,,,,,,,,,,,,
1912,Cree Durham,Cree,XPEHEW,CLD-AP65,2.261,45.0,45.0,700,45,3.23,153.5,100,101.2,,,,,,,,,,,,,,,,101.0,,,,,,,101.2,,,,,,,,,,,,,,,102.1,,,,,,,,,,102.9,,,101.5,,,,,,,,,,,,101.1,,,,,,,,,,,,,,,100.8,,,,,,,,,,,,,100.9,,,,99.4,,,,,,,,,,,,,,,100.3,,,,,,,,,,,,99.4,,,,,,,,,,,,,,,,,,,,,,,,,,,,,,
1913,Cree Durham,Cree,XPEHEW,CLD-AP65,2.247,45.0,45.0,700,45,3.21,157.0,100,100.7,,,,,,,,,,,,,,,,102.2,,,,,,,102.1,,,,,,,,,,,,,,,101.4,,,,,,,,,,101.8,,,102.4,,,,,,,,,,,,100.7,,,,,,,,,,,,,,,99.9,,,,,,,,,,,,,100.8,,,,97.6,,,,,,,,,,,,,,,97.8,,,,,,,,,,,,96.4,,,,,,,,,,,,,,,,,,,,,,,,,,,,,,
1914,Cree Durham,Cree,XPEHEW,CLD-AP65,2.247,45.0,45.0,700,45,3.21,168.5,100,104.3,,,,,,,,,,,,,,,,105.3,,,,,,,105.9,,,,,,,,,,,,,,,105.0,,,,,,,,,,104.8,,,104.8,,,,,,,,,,,,103.9,,,,,,,,,,,,,,,102.6,,,,,,,,,,,,,102.0,,,,100.1,,,,,,,,,,,,,,,100.0,,,,,,,,,,,,98.9,,,,,,,,,,,,,,,,,,,,,,,,,,,,,,
1915,Cree Durham,Cree,XPEHEW,CLD-AP65,2.247,45.0,45.0,700,45,3.21,155.6,100,104.7,,,,,,,,,,,,,,,,105.1,,,,,,,105.4,,,,,,,,,,,,,,,104.5,,,,,,,,,,104.7,,,105.3,,,,,,,,,,,,104.7,,,,,,,,,,,,,,,104.1,,,,,,,,,,,,,104.0,,,,102.5,,,,,,,,,,,,,,,101.5,,,,,,,,,,,,100.1,,,,,,,,,,,,,,,,,,,,,,,,,,,,,,
1916,Cree Durham,Cree,XPEHEW,CLD-AP65,2.254,45.0,45.0,700,45,3.22,170.1,100,101.5,,,,,,,,,,,,,,,,102.5,,,,,,,102.2,,,,,,,,,,,,,,,101.7,,,,,,,,,,102.2,,,101.9,,,,,,,,,,,,101.8,,,,,,,,,,,,,,,100.8,,,,,,,,,,,,,99.9,,,,98.8,,,,,,,,,,,,,,,97.8,,,,,,,,,,,,96.8,,,,,,,,,,,,,,,,,,,,,,,,,,,,,,
1917,Cree Durham,Cree,XPEHEW,CLD-AP65,2.254,45.0,45.0,700,45,3.22,171.7,100,101.1,,,,,,,,,,,,,,,,100.4,,,,,,,100.2,,,,,,,,,,,,,,,100.1,,,,,,,,,,100.6,,,100.3,,,,,,,,,,,,100.4,,,,,,,,,,,,,,,99.4,,,,,,,,,,,,,98.5,,,,98.2,,,,,,,,,,,,,,,96.7,,,,,,,,,,,,95.3,,,,,,,,,,,,,,,,,,,,,,,,,,,,,,
1918,Cree Durham,Cree,XPEHEW,CLD-AP65,2.24,45.0,45.0,700,45,3.2,157.8,100,103.1,,,,,,,,,,,,,,,,101.4,,,,,,,101.8,,,,,,,,,,,,,,,102.1,,,,,,,,,,102.3,,,103.2,,,,,,,,,,,,101.9,,,,,,,,,,,,,,,100.9,,,,,,,,,,,,,101.1,,,,100.8,,,,,,,,,,,,,,,99.6,,,,,,,,,,,,98.1,,,,,,,,,,,,,,,,,,,,,,,,,,,,,,
1919,Cree Durham,Cree,XPEHEW,CLD-AP65,2.247,45.0,45.0,700,45,3.21,173.0,100,101.1,,,,,,,,,,,,,,,,102.0,,,,,,,102.1,,,,,,,,,,,,,,,101.6,,,,,,,,,,102.1,,,102.0,,,,,,,,,,,,101.3,,,,,,,,,,,,,,,99.8,,,,,,,,,,,,,99.1,,,,98.9,,,,,,,,,,,,,,,97.8,,,,,,,,,,,,96.9,,,,,,,,,,,,,,,,,,,,,,,,,,,,,,
1920,Cree Durham,Cree,XPEHEW,CLD-AP65,2.282,55.0,55.0,700,45,3.26,158.0,100,101.0,,,,,,,,,,,,,,,,101.3,,,,,,,101.2,,,,,,,,,,,,,,,99.9,,,,,,,,,,101.7,,,100.5,,,,,,,,,,,,99.1,,,,,,,,,,,,,,,99.3,,,,,,,,,,,,,100.9,,,,100.7,,,,,,,,,,,,,,,98.9,,,,,,,,,,,,99.6,,,,,,,,,,,,,,,,,,,,,,,,,,,,,,
1921,Cree Durham,Cree,XPEHEW,CLD-AP65,2.24,55.0,55.0,700,45,3.2,171.2,100,101.1,,,,,,,,,,,,,,,,98.4,,,,,,,98.8,,,,,,,,,,,,,,,98.4,,,,,,,,,,98.5,,,98.1,,,,,,,,,,,,98.0,,,,,,,,,,,,,,,98.2,,,,,,,,,,,,,98.2,,,,98.2,,,,,,,,,,,,,,,97.1,,,,,,,,,,,,95.8,,,,,,,,,,,,,,,,,,,,,,,,,,,,,,
1922,Cree Durham,Cree,XPEHEW,CLD-AP65,2.289,55.0,55.0,700,45,3.27,163.2,100,101.3,,,,,,,,,,,,,,,,100.1,,,,,,,99.9,,,,,,,,,,,,,,,99.2,,,,,,,,,,99.9,,,99.2,,,,,,,,,,,,99.0,,,,,,,,,,,,,,,99.3,,,,,,,,,,,,,100.8,,,,100.1,,,,,,,,,,,,,,,98.7,,,,,,,,,,,,98.3,,,,,,,,,,,,,,,,,,,,,,,,,,,,,,
1923,Cree Durham,Cree,XPEHEW,CLD-AP65,2.24,55.0,55.0,700,45,3.2,180.3,100,102.2,,,,,,,,,,,,,,,,100.6,,,,,,,100.4,,,,,,,,,,,,,,,100.0,,,,,,,,,,100.0,,,99.6,,,,,,,,,,,,99.4,,,,,,,,,,,,,,,99.2,,,,,,,,,,,,,99.4,,,,99.5,,,,,,,,,,,,,,,98.5,,,,,,,,,,,,97.2,,,,,,,,,,,,,,,,,,,,,,,,,,,,,,
1924,Cree Durham,Cree,XPEHEW,CLD-AP65,2.261,55.0,55.0,700,45,3.23,163.7,100,101.4,,,,,,,,,,,,,,,,100.8,,,,,,,100.4,,,,,,,,,,,,,,,99.6,,,,,,,,,,100.3,,,99.8,,,,,,,,,,,,99.2,,,,,,,,,,,,,,,99.4,,,,,,,,,,,,,100.7,,,,100.8,,,,,,,,,,,,,,,99.2,,,,,,,,,,,,99.0,,,,,,,,,,,,,,,,,,,,,,,,,,,,,,
1925,Cree Durham,Cree,XPEHEW,CLD-AP65,2.289,55.0,55.0,700,45,3.27,161.7,100,102.6,,,,,,,,,,,,,,,,101.3,,,,,,,101.5,,,,,,,,,,,,,,,101.2,,,,,,,,,,102.0,,,101.4,,,,,,,,,,,,101.0,,,,,,,,,,,,,,,101.4,,,,,,,,,,,,,101.9,,,,102.4,,,,,,,,,,,,,,,100.3,,,,,,,,,,,,100.4,,,,,,,,,,,,,,,,,,,,,,,,,,,,,,
1926,Cree Durham,Cree,XPEHEW,CLD-AP65,2.191,55.0,55.0,700,45,3.13,161.2,100,98.5,,,,,,,,,,,,,,,,99.3,,,,,,,98.3,,,,,,,,,,,,,,,98.8,,,,,,,,,,98.3,,,99.4,,,,,,,,,,,,98.5,,,,,,,,,,,,,,,98.0,,,,,,,,,,,,,96.4,,,,96.8,,,,,,,,,,,,,,,98.3,,,,,,,,,,,,96.3,,,,,,,,,,,,,,,,,,,,,,,,,,,,,,
1927,Cree Durham,Cree,XPEHEW,CLD-AP65,2.184,55.0,55.0,700,45,3.12,177.4,100,99.6,,,,,,,,,,,,,,,,100.6,,,,,,,99.9,,,,,,,,,,,,,,,99.9,,,,,,,,,,100.3,,,100.4,,,,,,,,,,,,99.0,,,,,,,,,,,,,,,98.8,,,,,,,,,,,,,98.0,,,,97.4,,,,,,,,,,,,,,,98.2,,,,,,,,,,,,97.2,,,,,,,,,,,,,,,,,,,,,,,,,,,,,,
1928,Cree Durham,Cree,XPEHEW,CLD-AP65,2.191,55.0,55.0,700,45,3.13,166.9,100,99.3,,,,,,,,,,,,,,,,99.8,,,,,,,99.1,,,,,,,,,,,,,,,99.5,,,,,,,,,,98.7,,,98.6,,,,,,,,,,,,98.6,,,,,,,,,,,,,,,98.1,,,,,,,,,,,,,97.4,,,,97.1,,,,,,,,,,,,,,,98.3,,,,,,,,,,,,96.7,,,,,,,,,,,,,,,,,,,,,,,,,,,,,,
1929,Cree Durham,Cree,XPEHEW,CLD-AP65,2.17,55.0,55.0,700,45,3.1,163.6,100,98.0,,,,,,,,,,,,,,,,100.3,,,,,,,100.0,,,,,,,,,,,,,,,99.3,,,,,,,,,,98.3,,,98.9,,,,,,,,,,,,98.8,,,,,,,,,,,,,,,97.9,,,,,,,,,,,,,97.2,,,,97.2,,,,,,,,,,,,,,,98.1,,,,,,,,,,,,96.5,,,,,,,,,,,,,,,,,,,,,,,,,,,,,,
1930,Cree Durham,Cree,XPEHEW,CLD-AP65,2.163,55.0,55.0,700,45,3.09,173.7,100,99.4,,,,,,,,,,,,,,,,99.9,,,,,,,98.9,,,,,,,,,,,,,,,100.9,,,,,,,,,,99.0,,,98.6,,,,,,,,,,,,98.1,,,,,,,,,,,,,,,97.9,,,,,,,,,,,,,97.6,,,,97.2,,,,,,,,,,,,,,,97.7,,,,,,,,,,,,96.5,,,,,,,,,,,,,,,,,,,,,,,,,,,,,,
1931,Cree Durham,Cree,XPEHEW,CLD-AP65,2.177,55.0,55.0,700,45,3.11,177.4,100,99.5,,,,,,,,,,,,,,,,100.9,,,,,,,100.4,,,,,,,,,,,,,,,100.8,,,,,,,,,,100.9,,,100.0,,,,,,,,,,,,99.9,,,,,,,,,,,,,,,99.6,,,,,,,,,,,,,98.8,,,,97.8,,,,,,,,,,,,,,,98.4,,,,,,,,,,,,97.4,,,,,,,,,,,,,,,,,,,,,,,,,,,,,,
1932,Cree Durham,Cree,XPEHEW,CLD-AP65,2.184,55.0,55.0,700,45,3.12,160.7,100,100.1,,,,,,,,,,,,,,,,101.9,,,,,,,100.6,,,,,,,,,,,,,,,99.6,,,,,,,,,,98.6,,,100.1,,,,,,,,,,,,99.3,,,,,,,,,,,,,,,99.6,,,,,,,,,,,,,98.8,,,,98.3,,,,,,,,,,,,,,,98.8,,,,,,,,,,,,97.5,,,,,,,,,,,,,,,,,,,,,,,,,,,,,,
1933,Cree Durham,Cree,XPEHEW,CLD-AP65,2.191,55.0,55.0,700,45,3.13,159.5,100,100.9,,,,,,,,,,,,,,,,101.7,,,,,,,100.1,,,,,,,,,,,,,,,101.1,,,,,,,,,,98.6,,,100.8,,,,,,,,,,,,100.4,,,,,,,,,,,,,,,101.0,,,,,,,,,,,,,99.5,,,,99.9,,,,,,,,,,,,,,,100.9,,,,,,,,,,,,99.2,,,,,,,,,,,,,,,,,,,,,,,,,,,,,,
1934,Cree Durham,Cree,XPEHEW,CLD-AP65,2.184,55.0,55.0,700,45,3.12,177.3,100,101.0,,,,,,,,,,,,,,,,101.1,,,,,,,101.3,,,,,,,,,,,,,,,101.3,,,,,,,,,,100.1,,,100.2,,,,,,,,,,,,99.9,,,,,,,,,,,,,,,100.2,,,,,,,,,,,,,99.8,,,,99.4,,,,,,,,,,,,,,,99.3,,,,,,,,,,,,98.5,,,,,,,,,,,,,,,,,,,,,,,,,,,,,,
1935,Cree Durham,Cree,XPEHEW,CLD-AP65,2.184,55.0,55.0,700,45,3.12,169.3,100,100.8,,,,,,,,,,,,,,,,101.1,,,,,,,100.4,,,,,,,,,,,,,,,101.0,,,,,,,,,,99.5,,,100.4,,,,,,,,,,,,100.0,,,,,,,,,,,,,,,100.3,,,,,,,,,,,,,99.4,,,,98.8,,,,,,,,,,,,,,,99.5,,,,,,,,,,,,97.3,,,,,,,,,,,,,,,,,,,,,,,,,,,,,,
1936,Cree Durham,Cree,XPEHEW,CLD-AP65,2.17,55.0,55.0,700,45,3.1,177.3,100,100.4,,,,,,,,,,,,,,,,100.1,,,,,,,99.6,,,,,,,,,,,,,,,99.6,,,,,,,,,,98.6,,,98.3,,,,,,,,,,,,97.9,,,,,,,,,,,,,,,98.1,,,,,,,,,,,,,98.0,,,,97.6,,,,,,,,,,,,,,,97.7,,,,,,,,,,,,96.8,,,,,,,,,,,,,,,,,,,,,,,,,,,,,,
1937,Cree Durham,Cree,XPEHEW,CLD-AP65,2.191,55.0,55.0,700,45,3.13,165.4,100,99.7,,,,,,,,,,,,,,,,99.7,,,,,,,99.1,,,,,,,,,,,,,,,99.5,,,,,,,,,,97.8,,,98.5,,,,,,,,,,,,98.1,,,,,,,,,,,,,,,98.3,,,,,,,,,,,,,98.0,,,,97.9,,,,,,,,,,,,,,,98.3,,,,,,,,,,,,96.8,,,,,,,,,,,,,,,,,,,,,,,,,,,,,,
1938,Cree Durham,Cree,XPEHEW,CLD-AP65,2.163,55.0,55.0,700,45,3.09,179.2,100,99.9,,,,,,,,,,,,,,,,99.6,,,,,,,99.4,,,,,,,,,,,,,,,99.6,,,,,,,,,,98.9,,,98.6,,,,,,,,,,,,98.1,,,,,,,,,,,,,,,98.2,,,,,,,,,,,,,97.5,,,,97.1,,,,,,,,,,,,,,,96.9,,,,,,,,,,,,95.9,,,,,,,,,,,,,,,,,,,,,,,,,,,,,,
1939,Cree Durham,Cree,XPEHEW,CLD-AP65,2.156,55.0,55.0,700,45,3.08,168.4,100,100.5,,,,,,,,,,,,,,,,101.0,,,,,,,100.5,,,,,,,,,,,,,,,100.9,,,,,,,,,,99.4,,,99.3,,,,,,,,,,,,98.9,,,,,,,,,,,,,,,99.0,,,,,,,,,,,,,98.8,,,,98.5,,,,,,,,,,,,,,,98.7,,,,,,,,,,,,97.6,,,,,,,,,,,,,,,,,,,,,,,,,,,,,,
1940,Cree Durham,Cree,XPEHEW,CLD-AP65,2.156,55.0,55.0,700,45,3.08,181.0,100,100.4,,,,,,,,,,,,,,,,100.5,,,,,,,100.5,,,,,,,,,,,,,,,100.3,,,,,,,,,,99.3,,,98.6,,,,,,,,,,,,98.3,,,,,,,,,,,,,,,98.7,,,,,,,,,,,,,98.2,,,,97.6,,,,,,,,,,,,,,,97.4,,,,,,,,,,,,96.9,,,,,,,,,,,,,,,,,,,,,,,,,,,,,,
1941,Cree Durham,Cree,XPEHEW,CLD-AP65,2.163,55.0,55.0,700,45,3.09,164.4,100,100.8,,,,,,,,,,,,,,,,101.4,,,,,,,100.7,,,,,,,,,,,,,,,100.3,,,,,,,,,,98.9,,,99.2,,,,,,,,,,,,99.2,,,,,,,,,,,,,,,99.1,,,,,,,,,,,,,98.4,,,,97.8,,,,,,,,,,,,,,,98.1,,,,,,,,,,,,97.0,,,,,,,,,,,,,,,,,,,,,,,,,,,,,,
1942,Cree Durham,Cree,XPEHEW,CLD-AP65,2.177,55.0,55.0,700,45,3.11,168.0,100,99.8,,,,,,,,,,,,,,,,100.7,,,,,,,102.2,,,,,,,,,,,,,,,100.9,,,,,,,,,,100.6,,,100.0,,,,,,,,,,,,99.4,,,,,,,,,,,,,,,98.5,,,,,,,,,,,,,98.4,,,,98.6,,,,,,,,,,,,,,,97.8,,,,,,,,,,,,96.9,,,,,,,,,,,,,,,,,,,,,,,,,,,,,,
1943,Cree Durham,Cree,XPEHEW,CLD-AP65,2.226,55.0,55.0,700,45,3.18,170.0,100,99.5,,,,,,,,,,,,,,,,99.4,,,,,,,100.4,,,,,,,,,,,,,,,99.5,,,,,,,,,,99.5,,,99.5,,,,,,,,,,,,98.6,,,,,,,,,,,,,,,98.2,,,,,,,,,,,,,98.0,,,,97.4,,,,,,,,,,,,,,,97.4,,,,,,,,,,,,96.4,,,,,,,,,,,,,,,,,,,,,,,,,,,,,,
1944,Cree Durham,Cree,XPEHEW,CLD-AP65,2.17,55.0,55.0,700,45,3.1,161.7,100,102.0,,,,,,,,,,,,,,,,101.0,,,,,,,101.7,,,,,,,,,,,,,,,101.6,,,,,,,,,,102.3,,,99.3,,,,,,,,,,,,99.7,,,,,,,,,,,,,,,99.0,,,,,,,,,,,,,98.8,,,,99.3,,,,,,,,,,,,,,,98.9,,,,,,,,,,,,98.1,,,,,,,,,,,,,,,,,,,,,,,,,,,,,,
1945,Cree Durham,Cree,XPEHEW,CLD-AP65,2.191,85.0,85.0,700,45,3.13,161.0,100,101.8,,,,,,,,,,,,,,,,102.4,,,,,,,100.2,,,,,,,,,,,,,,,102.4,,,,,,,,,,99.2,,,101.2,,,,,,,,,,,,98.8,,,,,,,,,,,,,,,99.6,,,,,,,,,,,,,98.5,,,,98.9,,,,,,,,,,,,,,,99.1,,,,,,,,,,,,96.7,,,,,,,,,,,,,,,,,,,,,,,,,,,,,,
1946,Cree Durham,Cree,XPEHEW,CLD-AP65,2.163,85.0,85.0,700,45,3.09,177.1,100,100.4,,,,,,,,,,,,,,,,100.2,,,,,,,100.7,,,,,,,,,,,,,,,100.7,,,,,,,,,,98.5,,,98.4,,,,,,,,,,,,97.7,,,,,,,,,,,,,,,97.2,,,,,,,,,,,,,96.6,,,,96.6,,,,,,,,,,,,,,,95.6,,,,,,,,,,,,93.6,,,,,,,,,,,,,,,,,,,,,,,,,,,,,,
1947,Cree Durham,Cree,XPEHEW,CLD-AP65,2.191,85.0,85.0,700,45,3.13,166.0,100,101.0,,,,,,,,,,,,,,,,100.6,,,,,,,98.6,,,,,,,,,,,,,,,99.0,,,,,,,,,,99.1,,,99.3,,,,,,,,,,,,97.4,,,,,,,,,,,,,,,98.6,,,,,,,,,,,,,97.9,,,,97.7,,,,,,,,,,,,,,,97.0,,,,,,,,,,,,95.3,,,,,,,,,,,,,,,,,,,,,,,,,,,,,,
1948,Cree Durham,Cree,XPEHEW,CLD-AP65,2.205,85.0,85.0,700,45,3.15,162.7,100,101.0,,,,,,,,,,,,,,,,100.3,,,,,,,99.7,,,,,,,,,,,,,,,99.6,,,,,,,,,,98.5,,,98.6,,,,,,,,,,,,97.5,,,,,,,,,,,,,,,98.5,,,,,,,,,,,,,97.7,,,,97.3,,,,,,,,,,,,,,,96.6,,,,,,,,,,,,94.7,,,,,,,,,,,,,,,,,,,,,,,,,,,,,,
1949,Cree Durham,Cree,XPEHEW,CLD-AP65,2.191,85.0,85.0,700,45,3.13,162.2,100,100.2,,,,,,,,,,,,,,,,101.5,,,,,,,99.3,,,,,,,,,,,,,,,98.5,,,,,,,,,,99.0,,,99.7,,,,,,,,,,,,100.2,,,,,,,,,,,,,,,99.4,,,,,,,,,,,,,97.2,,,,98.2,,,,,,,,,,,,,,,98.0,,,,,,,,,,,,95.5,,,,,,,,,,,,,,,,,,,,,,,,,,,,,,
1950,Cree Durham,Cree,XPEHEW,CLD-AP65,2.191,85.0,85.0,700,45,3.13,180.5,100,100.4,,,,,,,,,,,,,,,,99.8,,,,,,,98.9,,,,,,,,,,,,,,,97.5,,,,,,,,,,98.8,,,98.8,,,,,,,,,,,,98.9,,,,,,,,,,,,,,,98.7,,,,,,,,,,,,,97.7,,,,97.6,,,,,,,,,,,,,,,96.7,,,,,,,,,,,,94.9,,,,,,,,,,,,,,,,,,,,,,,,,,,,,,
1951,Cree Durham,Cree,XPEHEW,CLD-AP65,2.191,85.0,85.0,700,45,3.13,136.8,100,101.0,,,,,,,,,,,,,,,,101.5,,,,,,,100.4,,,,,,,,,,,,,,,98.9,,,,,,,,,,100.0,,,100.7,,,,,,,,,,,,100.7,,,,,,,,,,,,,,,100.7,,,,,,,,,,,,,99.4,,,,99.5,,,,,,,,,,,,,,,99.0,,,,,,,,,,,,97.4,,,,,,,,,,,,,,,,,,,,,,,,,,,,,,
1952,Cree Durham,Cree,XPEHEW,CLD-AP65,2.163,85.0,85.0,700,45,3.09,177.5,100,98.2,,,,,,,,,,,,,,,,98.8,,,,,,,98.2,,,,,,,,,,,,,,,97.3,,,,,,,,,,97.8,,,97.7,,,,,,,,,,,,97.6,,,,,,,,,,,,,,,97.4,,,,,,,,,,,,,96.8,,,,96.7,,,,,,,,,,,,,,,95.8,,,,,,,,,,,,94.1,,,,,,,,,,,,,,,,,,,,,,,,,,,,,,
1953,Cree Durham,Cree,XPEHEW,CLD-AP65,2.17,85.0,85.0,700,45,3.1,166.1,100,99.9,,,,,,,,,,,,,,,,99.6,,,,,,,98.5,,,,,,,,,,,,,,,98.2,,,,,,,,,,98.5,,,98.7,,,,,,,,,,,,98.8,,,,,,,,,,,,,,,98.9,,,,,,,,,,,,,97.9,,,,98.1,,,,,,,,,,,,,,,97.6,,,,,,,,,,,,96.1,,,,,,,,,,,,,,,,,,,,,,,,,,,,,,
1954,Cree Durham,Cree,XPEHEW,CLD-AP65,2.163,85.0,85.0,700,45,3.09,175.0,100,100.2,,,,,,,,,,,,,,,,99.7,,,,,,,98.5,,,,,,,,,,,,,,,97.0,,,,,,,,,,97.3,,,97.2,,,,,,,,,,,,97.6,,,,,,,,,,,,,,,97.7,,,,,,,,,,,,,97.2,,,,97.1,,,,,,,,,,,,,,,96.0,,,,,,,,,,,,94.4,,,,,,,,,,,,,,,,,,,,,,,,,,,,,,
1955,Cree Durham,Cree,XPEHEW,CLD-AP65,2.212,85.0,85.0,700,45,3.16,177.2,100,99.5,,,,,,,,,,,,,,,,99.5,,,,,,,98.6,,,,,,,,,,,,,,,97.9,,,,,,,,,,98.1,,,98.0,,,,,,,,,,,,97.9,,,,,,,,,,,,,,,97.7,,,,,,,,,,,,,97.2,,,,96.9,,,,,,,,,,,,,,,95.8,,,,,,,,,,,,94.4,,,,,,,,,,,,,,,,,,,,,,,,,,,,,,
1956,Cree Durham,Cree,XPEHEW,CLD-AP65,2.219,85.0,85.0,700,45,3.17,163.9,100,99.9,,,,,,,,,,,,,,,,101.1,,,,,,,97.5,,,,,,,,,,,,,,,96.9,,,,,,,,,,98.3,,,97.3,,,,,,,,,,,,98.4,,,,,,,,,,,,,,,99.4,,,,,,,,,,,,,98.5,,,,98.8,,,,,,,,,,,,,,,98.3,,,,,,,,,,,,96.6,,,,,,,,,,,,,,,,,,,,,,,,,,,,,,
1957,Cree Durham,Cree,XPEHEW,CLD-AP65,2.212,85.0,85.0,700,45,3.16,176.2,100,100.8,,,,,,,,,,,,,,,,101.1,,,,,,,100.7,,,,,,,,,,,,,,,99.7,,,,,,,,,,100.0,,,100.1,,,,,,,,,,,,99.9,,,,,,,,,,,,,,,99.5,,,,,,,,,,,,,99.0,,,,98.8,,,,,,,,,,,,,,,97.9,,,,,,,,,,,,96.3,,,,,,,,,,,,,,,,,,,,,,,,,,,,,,
1958,Cree Durham,Cree,XPEHEW,CLD-AP65,2.184,85.0,85.0,700,45,3.12,164.3,100,99.4,,,,,,,,,,,,,,,,99.6,,,,,,,98.4,,,,,,,,,,,,,,,97.7,,,,,,,,,,97.8,,,98.6,,,,,,,,,,,,98.3,,,,,,,,,,,,,,,98.3,,,,,,,,,,,,,97.3,,,,97.3,,,,,,,,,,,,,,,96.8,,,,,,,,,,,,94.4,,,,,,,,,,,,,,,,,,,,,,,,,,,,,,
1959,Cree Durham,Cree,XPEHEW,CLD-AP65,2.296,85.0,85.0,700,45,3.28,147.3,100,105.4,,,,,,,,,,,,,,,,103.4,,,,,,,103.7,,,,,,,,,,,,,,,101.9,,,,,,,,,,103.9,,,102.5,,,,,,,,,,,,104.6,,,,,,,,,,,,,,,103.0,,,,,,,,,,,,,102.2,,,,101.9,,,,,,,,,,,,,,,100.9,,,,,,,,,,,,98.9,,,,,,,,,,,,,,,,,,,,,,,,,,,,,,
1960,Cree Durham,Cree,XPEHEW,CLD-AP65,2.233,85.0,85.0,700,45,3.19,147.3,100,101.0,,,,,,,,,,,,,,,,99.8,,,,,,,99.9,,,,,,,,,,,,,,,98.9,,,,,,,,,,98.8,,,96.6,,,,,,,,,,,,100.5,,,,,,,,,,,,,,,98.9,,,,,,,,,,,,,98.3,,,,98.2,,,,,,,,,,,,,,,96.9,,,,,,,,,,,,94.8,,,,,,,,,,,,,,,,,,,,,,,,,,,,,,
1961,Cree Durham,Cree,XPEHEW,CLD-AP65,2.184,85.0,85.0,700,45,3.12,164.6,100,101.7,,,,,,,,,,,,,,,,101.2,,,,,,,101.1,,,,,,,,,,,,,,,100.2,,,,,,,,,,99.6,,,99.2,,,,,,,,,,,,99.3,,,,,,,,,,,,,,,98.9,,,,,,,,,,,,,98.1,,,,97.7,,,,,,,,,,,,,,,96.6,,,,,,,,,,,,94.9,,,,,,,,,,,,,,,,,,,,,,,,,,,,,,
1962,Cree Durham,Cree,XPEHEW,CLD-AP65,2.184,85.0,85.0,700,45,3.12,165.4,100,102.4,,,,,,,,,,,,,,,,101.3,,,,,,,100.9,,,,,,,,,,,,,,,100.1,,,,,,,,,,100.4,,,99.7,,,,,,,,,,,,102.3,,,,,,,,,,,,,,,100.4,,,,,,,,,,,,,99.8,,,,99.6,,,,,,,,,,,,,,,98.4,,,,,,,,,,,,96.2,,,,,,,,,,,,,,,,,,,,,,,,,,,,,,
1963,Cree Durham,Cree,XPEHEW,CLD-AP65,2.191,85.0,85.0,700,45,3.13,151.8,100,101.3,,,,,,,,,,,,,,,,101.1,,,,,,,100.7,,,,,,,,,,,,,,,99.8,,,,,,,,,,99.6,,,99.2,,,,,,,,,,,,100.9,,,,,,,,,,,,,,,100.1,,,,,,,,,,,,,99.0,,,,98.7,,,,,,,,,,,,,,,97.4,,,,,,,,,,,,95.1,,,,,,,,,,,,,,,,,,,,,,,,,,,,,,
1964,Cree Durham,Cree,XPEHEW,CLD-AP65,2.205,85.0,85.0,700,45,3.15,159.0,100,100.0,,,,,,,,,,,,,,,,100.7,,,,,,,100.7,,,,,,,,,,,,,,,100.0,,,,,,,,,,99.2,,,99.2,,,,,,,,,,,,99.0,,,,,,,,,,,,,,,98.2,,,,,,,,,,,,,96.7,,,,96.1,,,,,,,,,,,,,,,95.2,,,,,,,,,,,,93.8,,,,,,,,,,,,,,,,,,,,,,,,,,,,,,
1965,Cree Durham,Cree,XPEHEW,CLD-AP65,2.261,85.0,85.0,700,45,3.23,135.5,100,105.2,,,,,,,,,,,,,,,,102.5,,,,,,,102.5,,,,,,,,,,,,,,,100.4,,,,,,,,,,102.5,,,100.3,,,,,,,,,,,,102.1,,,,,,,,,,,,,,,101.5,,,,,,,,,,,,,99.8,,,,100.7,,,,,,,,,,,,,,,99.8,,,,,,,,,,,,97.6,,,,,,,,,,,,,,,,,,,,,,,,,,,,,,
1966,Cree Durham,Cree,XPEHEW,CLD-AP65,2.226,85.0,85.0,700,45,3.18,150.7,100,101.6,,,,,,,,,,,,,,,,100.5,,,,,,,100.4,,,,,,,,,,,,,,,99.0,,,,,,,,,,99.5,,,98.5,,,,,,,,,,,,99.4,,,,,,,,,,,,,,,98.3,,,,,,,,,,,,,96.5,,,,97.0,,,,,,,,,,,,,,,96.3,,,,,,,,,,,,94.6,,,,,,,,,,,,,,,,,,,,,,,,,,,,,,
1967,Cree Durham,Cree,XPEHEW,CLD-AP65,2.296,85.0,85.0,700,45,3.28,153.7,100,103.8,,,,,,,,,,,,,,,,103.4,,,,,,,103.0,,,,,,,,,,,,,,,101.7,,,,,,,,,,101.8,,,101.2,,,,,,,,,,,,100.9,,,,,,,,,,,,,,,101.0,,,,,,,,,,,,,,,,,99.2,,,,,,,,,,,,,,,98.6,,,,,,,,,,,,99.4,,,,,,,,,,,,,,,,,,,,,,,,,,,,,,
1968,Cree Durham,Cree,XPEHEW,CLD-AP65,2.191,85.0,85.0,700,45,3.13,160.9,100,101.3,,,,,,,,,,,,,,,,101.3,,,,,,,101.0,,,,,,,,,,,,,,,100.3,,,,,,,,,,99.7,,,99.5,,,,,,,,,,,,98.3,,,,,,,,,,,,,,,98.1,,,,,,,,,,,,,96.8,,,,97.2,,,,,,,,,,,,,,,96.3,,,,,,,,,,,,94.2,,,,,,,,,,,,,,,,,,,,,,,,,,,,,,
1969,Cree Durham,Cree,XPEHEW,CLD-AP65,2.212,85.0,85.0,700,45,3.16,143.6,100,102.0,,,,,,,,,,,,,,,,100.4,,,,,,,98.5,,,,,,,,,,,,,,,96.6,,,,,,,,,,97.2,,,96.4,,,,,,,,,,,,99.1,,,,,,,,,,,,,,,98.3,,,,,,,,,,,,,97.1,,,,97.3,,,,,,,,,,,,,,,96.3,,,,,,,,,,,,94.9,,,,,,,,,,,,,,,,,,,,,,,,,,,,,,
1970,Cree Durham,Cree,XPEHEW,CLD-AP65,1.0465,45.0,45.0,350,45,2.99,97.6,100,99.3,,,,,,,,,,,,,,,,100.9,,,,,,,101.3,,,,,,,,,,,,,,,103.0,,,,,,,,,,102.6,,,102.9,,,,,,,,,,,,102.6,,,,,,,,,,,,,,,102.8,,,,,,,,,,,,,102.7,,,,102.2,,,,,,,,,,,,,,,101.8,,,,,,,,,,,,101.6,,,,,,,,,,,,,,,,,,,,,,,,,,,,,,
1971,Cree Durham,Cree,XPEHEW,CLD-AP65,1.0395,45.0,45.0,350,45,2.97,90.4,100,97.7,,,,,,,,,,,,,,,,100.7,,,,,,,101.7,,,,,,,,,,,,,,,103.3,,,,,,,,,,102.1,,,103.0,,,,,,,,,,,,102.9,,,,,,,,,,,,,,,102.9,,,,,,,,,,,,,103.0,,,,102.2,,,,,,,,,,,,,,,101.2,,,,,,,,,,,,100.9,,,,,,,,,,,,,,,,,,,,,,,,,,,,,,
1972,Cree Durham,Cree,XPEHEW,CLD-AP65,1.043,45.0,45.0,350,45,2.98,96.9,100,98.8,,,,,,,,,,,,,,,,100.4,,,,,,,100.8,,,,,,,,,,,,,,,102.4,,,,,,,,,,102.1,,,102.6,,,,,,,,,,,,102.2,,,,,,,,,,,,,,,102.4,,,,,,,,,,,,,102.2,,,,101.6,,,,,,,,,,,,,,,100.7,,,,,,,,,,,,101.2,,,,,,,,,,,,,,,,,,,,,,,,,,,,,,
1973,Cree Durham,Cree,XPEHEW,CLD-AP65,1.05,45.0,45.0,350,45,3.0,89.1,100,97.0,,,,,,,,,,,,,,,,100.5,,,,,,,101.3,,,,,,,,,,,,,,,102.9,,,,,,,,,,101.7,,,101.9,,,,,,,,,,,,101.6,,,,,,,,,,,,,,,101.6,,,,,,,,,,,,,102.2,,,,101.8,,,,,,,,,,,,,,,100.5,,,,,,,,,,,,100.9,,,,,,,,,,,,,,,,,,,,,,,,,,,,,,
1974,Cree Durham,Cree,XPEHEW,CLD-AP65,1.0465,45.0,45.0,350,45,2.99,96.3,100,98.3,,,,,,,,,,,,,,,,99.4,,,,,,,99.2,,,,,,,,,,,,,,,100.9,,,,,,,,,,100.0,,,100.4,,,,,,,,,,,,99.4,,,,,,,,,,,,,,,99.5,,,,,,,,,,,,,100.2,,,,99.5,,,,,,,,,,,,,,,99.1,,,,,,,,,,,,99.4,,,,,,,,,,,,,,,,,,,,,,,,,,,,,,
1975,Cree Durham,Cree,XPEHEW,CLD-AP65,1.05,45.0,45.0,350,45,3.0,96.0,100,99.5,,,,,,,,,,,,,,,,100.2,,,,,,,100.2,,,,,,,,,,,,,,,102.0,,,,,,,,,,101.4,,,101.6,,,,,,,,,,,,101.2,,,,,,,,,,,,,,,101.4,,,,,,,,,,,,,101.4,,,,100.8,,,,,,,,,,,,,,,99.9,,,,,,,,,,,,100.4,,,,,,,,,,,,,,,,,,,,,,,,,,,,,,
1976,Cree Durham,Cree,XPEHEW,CLD-AP65,1.043,45.0,45.0,350,45,2.98,91.0,100,98.2,,,,,,,,,,,,,,,,101.1,,,,,,,101.7,,,,,,,,,,,,,,,102.6,,,,,,,,,,101.6,,,102.6,,,,,,,,,,,,102.1,,,,,,,,,,,,,,,102.3,,,,,,,,,,,,,103.5,,,,102.2,,,,,,,,,,,,,,,101.7,,,,,,,,,,,,101.8,,,,,,,,,,,,,,,,,,,,,,,,,,,,,,
1977,Cree Durham,Cree,XPEHEW,CLD-AP65,1.05,45.0,45.0,350,45,3.0,97.7,100,99.9,,,,,,,,,,,,,,,,100.1,,,,,,,100.4,,,,,,,,,,,,,,,102.1,,,,,,,,,,101.6,,,101.8,,,,,,,,,,,,101.5,,,,,,,,,,,,,,,101.4,,,,,,,,,,,,,102.2,,,,101.5,,,,,,,,,,,,,,,101.1,,,,,,,,,,,,101.5,,,,,,,,,,,,,,,,,,,,,,,,,,,,,,
1978,Cree Durham,Cree,XPEHEW,CLD-AP65,1.05,45.0,45.0,350,45,3.0,86.7,100,100.1,,,,,,,,,,,,,,,,103.0,,,,,,,103.7,,,,,,,,,,,,,,,105.2,,,,,,,,,,104.3,,,104.7,,,,,,,,,,,,103.2,,,,,,,,,,,,,,,103.1,,,,,,,,,,,,,104.4,,,,103.2,,,,,,,,,,,,,,,102.6,,,,,,,,,,,,102.7,,,,,,,,,,,,,,,,,,,,,,,,,,,,,,
1979,Cree Durham,Cree,XPEHEW,CLD-AP65,1.0535,45.0,45.0,350,45,3.01,88.0,100,100.4,,,,,,,,,,,,,,,,101.3,,,,,,,100.5,,,,,,,,,,,,,,,98.5,,,,,,,,,,101.6,,,102.6,,,,,,,,,,,,100.4,,,,,,,,,,,,,,,100.4,,,,,,,,,,,,,99.8,,,,99.4,,,,,,,,,,,,,,,99.8,,,,,,,,,,,,100.4,,,,,,,,,,,,,,,,,,,,,,,,,,,,,,
1980,Cree Durham,Cree,XPEHEW,CLD-AP65,1.0535,45.0,45.0,350,45,3.01,99.5,100,101.0,,,,,,,,,,,,,,,,100.8,,,,,,,102.7,,,,,,,,,,,,,,,102.2,,,,,,,,,,103.1,,,103.3,,,,,,,,,,,,101.3,,,,,,,,,,,,,,,101.9,,,,,,,,,,,,,101.9,,,,101.0,,,,,,,,,,,,,,,100.2,,,,,,,,,,,,100.7,,,,,,,,,,,,,,,,,,,,,,,,,,,,,,
1981,Cree Durham,Cree,XPEHEW,CLD-AP65,1.05,45.0,45.0,350,45,3.0,90.0,100,99.1,,,,,,,,,,,,,,,,98.9,,,,,,,100.1,,,,,,,,,,,,,,,99.8,,,,,,,,,,101.1,,,101.8,,,,,,,,,,,,100.5,,,,,,,,,,,,,,,100.7,,,,,,,,,,,,,98.2,,,,97.3,,,,,,,,,,,,,,,97.6,,,,,,,,,,,,97.5,,,,,,,,,,,,,,,,,,,,,,,,,,,,,,
1982,Cree Durham,Cree,XPEHEW,CLD-AP65,1.05,45.0,45.0,350,45,3.0,94.8,100,99.4,,,,,,,,,,,,,,,,97.5,,,,,,,99.7,,,,,,,,,,,,,,,97.9,,,,,,,,,,98.1,,,98.2,,,,,,,,,,,,97.7,,,,,,,,,,,,,,,98.2,,,,,,,,,,,,,96.8,,,,96.6,,,,,,,,,,,,,,,95.7,,,,,,,,,,,,95.9,,,,,,,,,,,,,,,,,,,,,,,,,,,,,,
1983,Cree Durham,Cree,XPEHEW,CLD-AP65,1.029,45.0,45.0,350,45,2.94,84.5,100,100.5,,,,,,,,,,,,,,,,99.7,,,,,,,101.1,,,,,,,,,,,,,,,101.0,,,,,,,,,,102.4,,,101.9,,,,,,,,,,,,100.8,,,,,,,,,,,,,,,100.5,,,,,,,,,,,,,99.6,,,,99.4,,,,,,,,,,,,,,,99.7,,,,,,,,,,,,99.5,,,,,,,,,,,,,,,,,,,,,,,,,,,,,,
1984,Cree Durham,Cree,XPEHEW,CLD-AP65,1.0535,45.0,45.0,350,45,3.01,89.8,100,99.7,,,,,,,,,,,,,,,,99.1,,,,,,,98.6,,,,,,,,,,,,,,,97.9,,,,,,,,,,100.3,,,100.3,,,,,,,,,,,,98.0,,,,,,,,,,,,,,,97.8,,,,,,,,,,,,,97.7,,,,96.8,,,,,,,,,,,,,,,97.7,,,,,,,,,,,,98.2,,,,,,,,,,,,,,,,,,,,,,,,,,,,,,
1985,Cree Durham,Cree,XPEHEW,CLD-AP65,1.0465,45.0,45.0,350,45,2.99,100.0,100,99.8,,,,,,,,,,,,,,,,97.5,,,,,,,99.3,,,,,,,,,,,,,,,98.6,,,,,,,,,,99.6,,,99.4,,,,,,,,,,,,98.4,,,,,,,,,,,,,,,98.9,,,,,,,,,,,,,99.1,,,,98.8,,,,,,,,,,,,,,,98.4,,,,,,,,,,,,98.6,,,,,,,,,,,,,,,,,,,,,,,,,,,,,,
1986,Cree Durham,Cree,XPEHEW,CLD-AP65,1.05,45.0,45.0,350,45,3.0,89.0,100,97.4,,,,,,,,,,,,,,,,96.9,,,,,,,98.6,,,,,,,,,,,,,,,97.7,,,,,,,,,,97.4,,,98.4,,,,,,,,,,,,98.4,,,,,,,,,,,,,,,98.3,,,,,,,,,,,,,97.8,,,,97.4,,,,,,,,,,,,,,,97.1,,,,,,,,,,,,97.2,,,,,,,,,,,,,,,,,,,,,,,,,,,,,,
1987,Cree Durham,Cree,XPEHEW,CLD-AP65,1.05,45.0,45.0,350,45,3.0,96.1,100,96.6,,,,,,,,,,,,,,,,97.0,,,,,,,99.3,,,,,,,,,,,,,,,98.7,,,,,,,,,,99.2,,,99.3,,,,,,,,,,,,98.7,,,,,,,,,,,,,,,98.6,,,,,,,,,,,,,98.6,,,,97.9,,,,,,,,,,,,,,,96.6,,,,,,,,,,,,96.9,,,,,,,,,,,,,,,,,,,,,,,,,,,,,,
1988,Cree Durham,Cree,XPEHEW,CLD-AP65,1.0325,45.0,45.0,350,45,2.95,82.4,100,99.6,,,,,,,,,,,,,,,,99.2,,,,,,,100.4,,,,,,,,,,,,,,,100.3,,,,,,,,,,101.5,,,102.0,,,,,,,,,,,,101.0,,,,,,,,,,,,,,,101.0,,,,,,,,,,,,,100.2,,,,99.6,,,,,,,,,,,,,,,100.1,,,,,,,,,,,,100.0,,,,,,,,,,,,,,,,,,,,,,,,,,,,,,
1989,Cree Durham,Cree,XPEHEW,CLD-AP65,1.05,45.0,45.0,350,45,3.0,99.9,100,99.5,,,,,,,,,,,,,,,,99.2,,,,,,,100.5,,,,,,,,,,,,,,,100.0,,,,,,,,,,101.1,,,100.7,,,,,,,,,,,,100.0,,,,,,,,,,,,,,,100.0,,,,,,,,,,,,,99.9,,,,99.0,,,,,,,,,,,,,,,98.7,,,,,,,,,,,,98.9,,,,,,,,,,,,,,,,,,,,,,,,,,,,,,
1990,Cree Durham,Cree,XPEHEW,CLD-AP65,1.0535,45.0,45.0,350,45,3.01,89.9,100,96.3,,,,,,,,,,,,,,,,99.3,,,,,,,98.7,,,,,,,,,,,,,,,98.5,,,,,,,,,,100.1,,,101.5,,,,,,,,,,,,99.8,,,,,,,,,,,,,,,99.3,,,,,,,,,,,,,98.7,,,,97.9,,,,,,,,,,,,,,,98.1,,,,,,,,,,,,98.7,,,,,,,,,,,,,,,,,,,,,,,,,,,,,,
1991,Cree Durham,Cree,XPEHEW,CLD-AP65,1.0535,45.0,45.0,350,45,3.01,97.0,100,99.0,,,,,,,,,,,,,,,,99.2,,,,,,,101.3,,,,,,,,,,,,,,,101.1,,,,,,,,,,101.2,,,101.5,,,,,,,,,,,,101.0,,,,,,,,,,,,,,,100.9,,,,,,,,,,,,,101.1,,,,100.6,,,,,,,,,,,,,,,100.3,,,,,,,,,,,,100.6,,,,,,,,,,,,,,,,,,,,,,,,,,,,,,
1992,Cree Durham,Cree,XPEHEW,CLD-AP65,1.05,45.0,45.0,350,45,3.0,90.2,100,99.1,,,,,,,,,,,,,,,,98.8,,,,,,,100.3,,,,,,,,,,,,,,,99.9,,,,,,,,,,101.1,,,102.1,,,,,,,,,,,,101.2,,,,,,,,,,,,,,,100.9,,,,,,,,,,,,,100.9,,,,99.9,,,,,,,,,,,,,,,100.3,,,,,,,,,,,,100.3,,,,,,,,,,,,,,,,,,,,,,,,,,,,,,
1993,Cree Durham,Cree,XPEHEW,CLD-AP65,1.043,45.0,45.0,350,45,2.98,86.4,100,97.3,,,,,,,,,,,,,,,,99.7,,,,,,,100.0,,,,,,,,,,,,,,,100.4,,,,,,,,,,100.2,,,100.5,,,,,,,,,,,,101.0,,,,,,,,,,,,,,,100.5,,,,,,,,,,,,,101.7,,,,103.0,,,,,,,,,,,,,,,100.6,,,,,,,,,,,,100.2,,,,,,,,,,,,,,,,,,,,,,,,,,,,,,
1994,Cree Durham,Cree,XPEHEW,CLD-AP65,1.043,45.0,45.0,350,45,2.98,98.3,100,99.9,,,,,,,,,,,,,,,,100.2,,,,,,,99.6,,,,,,,,,,,,,,,100.9,,,,,,,,,,101.3,,,100.9,,,,,,,,,,,,100.4,,,,,,,,,,,,,,,100.4,,,,,,,,,,,,,101.1,,,,101.0,,,,,,,,,,,,,,,100.5,,,,,,,,,,,,100.2,,,,,,,,,,,,,,,,,,,,,,,,,,,,,,
1995,Cree Durham,Cree,XPEHEW,CLD-AP65,1.029,55.0,55.0,350,45,2.94,83.6,100,99.4,,,,,,,,,,,,,,,,101.8,,,,,,,102.7,,,,,,,,,,,,,,,103.7,,,,,,,,,,102.3,,,103.5,,,,,,,,,,,,104.2,,,,,,,,,,,,,,,103.6,,,,,,,,,,,,,104.6,,,,104.0,,,,,,,,,,,,,,,103.0,,,,,,,,,,,,102.9,,,,,,,,,,,,,,,,,,,,,,,,,,,,,,
1996,Cree Durham,Cree,XPEHEW,CLD-AP65,1.029,55.0,55.0,350,45,2.94,99.1,100,100.0,,,,,,,,,,,,,,,,101.2,,,,,,,100.6,,,,,,,,,,,,,,,102.1,,,,,,,,,,99.7,,,99.4,,,,,,,,,,,,99.2,,,,,,,,,,,,,,,99.5,,,,,,,,,,,,,100.8,,,,100.4,,,,,,,,,,,,,,,100.3,,,,,,,,,,,,100.5,,,,,,,,,,,,,,,,,,,,,,,,,,,,,,
1997,Cree Durham,Cree,XPEHEW,CLD-AP65,1.0255,55.0,55.0,350,45,2.93,89.3,100,99.5,,,,,,,,,,,,,,,,101.7,,,,,,,102.3,,,,,,,,,,,,,,,103.7,,,,,,,,,,102.9,,,102.5,,,,,,,,,,,,102.6,,,,,,,,,,,,,,,102.5,,,,,,,,,,,,,104.0,,,,102.8,,,,,,,,,,,,,,,102.4,,,,,,,,,,,,102.6,,,,,,,,,,,,,,,,,,,,,,,,,,,,,,
1998,Cree Durham,Cree,XPEHEW,CLD-AP65,1.0255,55.0,55.0,350,45,2.93,95.3,100,100.4,,,,,,,,,,,,,,,,100.4,,,,,,,100.8,,,,,,,,,,,,,,,102.5,,,,,,,,,,101.7,,,102.2,,,,,,,,,,,,102.1,,,,,,,,,,,,,,,102.1,,,,,,,,,,,,,102.5,,,,102.2,,,,,,,,,,,,,,,101.7,,,,,,,,,,,,101.9,,,,,,,,,,,,,,,,,,,,,,,,,,,,,,
1999,Cree Durham,Cree,XPEHEW,CLD-AP65,1.0325,55.0,55.0,350,45,2.95,91.4,100,99.6,,,,,,,,,,,,,,,,101.2,,,,,,,101.8,,,,,,,,,,,,,,,103.3,,,,,,,,,,102.0,,,101.4,,,,,,,,,,,,101.5,,,,,,,,,,,,,,,101.5,,,,,,,,,,,,,102.5,,,,101.8,,,,,,,,,,,,,,,101.8,,,,,,,,,,,,102.2,,,,,,,,,,,,,,,,,,,,,,,,,,,,,,
2000,Cree Durham,Cree,XPEHEW,CLD-AP65,1.0325,55.0,55.0,350,45,2.95,98.5,100,100.2,,,,,,,,,,,,,,,,100.3,,,,,,,100.6,,,,,,,,,,,,,,,102.2,,,,,,,,,,100.8,,,101.1,,,,,,,,,,,,101.1,,,,,,,,,,,,,,,101.2,,,,,,,,,,,,,101.2,,,,100.8,,,,,,,,,,,,,,,100.6,,,,,,,,,,,,100.7,,,,,,,,,,,,,,,,,,,,,,,,,,,,,,
2001,Cree Durham,Cree,XPEHEW,CLD-AP65,1.029,55.0,55.0,350,45,2.94,94.7,100,100.1,,,,,,,,,,,,,,,,100.8,,,,,,,100.7,,,,,,,,,,,,,,,102.3,,,,,,,,,,101.9,,,102.2,,,,,,,,,,,,101.9,,,,,,,,,,,,,,,101.9,,,,,,,,,,,,,102.0,,,,101.0,,,,,,,,,,,,,,,100.8,,,,,,,,,,,,101.0,,,,,,,,,,,,,,,,,,,,,,,,,,,,,,
2002,Cree Durham,Cree,XPEHEW,CLD-AP65,1.029,55.0,55.0,350,45,2.94,90.1,100,100.6,,,,,,,,,,,,,,,,102.4,,,,,,,103.2,,,,,,,,,,,,,,,104.8,,,,,,,,,,104.0,,,103.5,,,,,,,,,,,,103.1,,,,,,,,,,,,,,,103.4,,,,,,,,,,,,,105.4,,,,102.6,,,,,,,,,,,,,,,102.3,,,,,,,,,,,,102.4,,,,,,,,,,,,,,,,,,,,,,,,,,,,,,
2003,Cree Durham,Cree,XPEHEW,CLD-AP65,1.0255,55.0,55.0,350,45,2.93,96.4,100,100.4,,,,,,,,,,,,,,,,100.8,,,,,,,101.1,,,,,,,,,,,,,,,102.8,,,,,,,,,,102.5,,,102.8,,,,,,,,,,,,101.8,,,,,,,,,,,,,,,102.0,,,,,,,,,,,,,102.2,,,,101.6,,,,,,,,,,,,,,,101.2,,,,,,,,,,,,101.5,,,,,,,,,,,,,,,,,,,,,,,,,,,,,,
2004,Cree Durham,Cree,XPEHEW,CLD-AP65,1.0325,55.0,55.0,350,45,2.95,85.0,100,101.5,,,,,,,,,,,,,,,,102.4,,,,,,,103.8,,,,,,,,,,,,,,,105.2,,,,,,,,,,104.5,,,104.6,,,,,,,,,,,,103.8,,,,,,,,,,,,,,,102.4,,,,,,,,,,,,,106.1,,,,103.7,,,,,,,,,,,,,,,103.2,,,,,,,,,,,,102.7,,,,,,,,,,,,,,,,,,,,,,,,,,,,,,
2005,Cree Durham,Cree,XPEHEW,CLD-AP65,1.0535,55.0,55.0,350,45,3.01,88.8,100,100.8,,,,,,,,,,,,,,,,100.0,,,,,,,102.0,,,,,,,,,,,,,,,101.3,,,,,,,,,,101.9,,,101.1,,,,,,,,,,,,100.3,,,,,,,,,,,,,,,100.5,,,,,,,,,,,,,100.1,,,,100.5,,,,,,,,,,,,,,,100.2,,,,,,,,,,,,100.1,,,,,,,,,,,,,,,,,,,,,,,,,,,,,,
2006,Cree Durham,Cree,XPEHEW,CLD-AP65,1.05,55.0,55.0,350,45,3.0,83.1,100,100.2,,,,,,,,,,,,,,,,100.8,,,,,,,103.1,,,,,,,,,,,,,,,102.8,,,,,,,,,,103.8,,,102.7,,,,,,,,,,,,100.4,,,,,,,,,,,,,,,103.0,,,,,,,,,,,,,100.3,,,,101.2,,,,,,,,,,,,,,,101.0,,,,,,,,,,,,100.8,,,,,,,,,,,,,,,,,,,,,,,,,,,,,,
2007,Cree Durham,Cree,XPEHEW,CLD-AP65,1.043,55.0,55.0,350,45,2.98,97.4,100,99.3,,,,,,,,,,,,,,,,99.2,,,,,,,100.7,,,,,,,,,,,,,,,99.9,,,,,,,,,,100.5,,,100.1,,,,,,,,,,,,99.2,,,,,,,,,,,,,,,99.4,,,,,,,,,,,,,98.8,,,,98.7,,,,,,,,,,,,,,,99.0,,,,,,,,,,,,98.9,,,,,,,,,,,,,,,,,,,,,,,,,,,,,,
2008,Cree Durham,Cree,XPEHEW,CLD-AP65,1.057,55.0,55.0,350,45,3.02,87.1,100,99.8,,,,,,,,,,,,,,,,100.4,,,,,,,101.5,,,,,,,,,,,,,,,99.9,,,,,,,,,,102.3,,,103.0,,,,,,,,,,,,99.1,,,,,,,,,,,,,,,101.1,,,,,,,,,,,,,99.9,,,,100.8,,,,,,,,,,,,,,,101.2,,,,,,,,,,,,101.2,,,,,,,,,,,,,,,,,,,,,,,,,,,,,,
2009,Cree Durham,Cree,XPEHEW,CLD-AP65,1.0535,55.0,55.0,350,45,3.01,91.2,100,101.3,,,,,,,,,,,,,,,,100.5,,,,,,,102.7,,,,,,,,,,,,,,,102.2,,,,,,,,,,103.0,,,102.1,,,,,,,,,,,,101.7,,,,,,,,,,,,,,,102.4,,,,,,,,,,,,,102.0,,,,102.1,,,,,,,,,,,,,,,101.5,,,,,,,,,,,,101.4,,,,,,,,,,,,,,,,,,,,,,,,,,,,,,
2010,Cree Durham,Cree,XPEHEW,CLD-AP65,1.0465,55.0,55.0,350,45,2.99,87.4,100,100.5,,,,,,,,,,,,,,,,98.2,,,,,,,100.2,,,,,,,,,,,,,,,100.2,,,,,,,,,,102.9,,,101.9,,,,,,,,,,,,101.2,,,,,,,,,,,,,,,101.8,,,,,,,,,,,,,100.8,,,,101.6,,,,,,,,,,,,,,,101.4,,,,,,,,,,,,101.3,,,,,,,,,,,,,,,,,,,,,,,,,,,,,,
2011,Cree Durham,Cree,XPEHEW,CLD-AP65,1.0465,55.0,55.0,350,45,2.99,96.4,100,100.6,,,,,,,,,,,,,,,,98.8,,,,,,,101.4,,,,,,,,,,,,,,,101.1,,,,,,,,,,102.4,,,102.4,,,,,,,,,,,,101.9,,,,,,,,,,,,,,,101.9,,,,,,,,,,,,,101.8,,,,101.8,,,,,,,,,,,,,,,101.9,,,,,,,,,,,,102.0,,,,,,,,,,,,,,,,,,,,,,,,,,,,,,
2012,Cree Durham,Cree,XPEHEW,CLD-AP65,1.05,55.0,55.0,350,45,3.0,91.4,100,99.1,,,,,,,,,,,,,,,,97.0,,,,,,,99.1,,,,,,,,,,,,,,,97.4,,,,,,,,,,98.9,,,99.1,,,,,,,,,,,,99.1,,,,,,,,,,,,,,,100.4,,,,,,,,,,,,,98.5,,,,99.1,,,,,,,,,,,,,,,99.7,,,,,,,,,,,,99.4,,,,,,,,,,,,,,,,,,,,,,,,,,,,,,
2013,Cree Durham,Cree,XPEHEW,CLD-AP65,1.057,55.0,55.0,350,45,3.02,85.5,100,98.7,,,,,,,,,,,,,,,,99.8,,,,,,,101.9,,,,,,,,,,,,,,,101.4,,,,,,,,,,101.7,,,102.5,,,,,,,,,,,,100.7,,,,,,,,,,,,,,,100.2,,,,,,,,,,,,,100.6,,,,101.1,,,,,,,,,,,,,,,101.3,,,,,,,,,,,,101.0,,,,,,,,,,,,,,,,,,,,,,,,,,,,,,
2014,Cree Durham,Cree,XPEHEW,CLD-AP65,1.057,55.0,55.0,350,45,3.02,90.3,100,97.8,,,,,,,,,,,,,,,,98.1,,,,,,,99.7,,,,,,,,,,,,,,,98.5,,,,,,,,,,99.5,,,99.6,,,,,,,,,,,,98.8,,,,,,,,,,,,,,,98.1,,,,,,,,,,,,,98.0,,,,98.4,,,,,,,,,,,,,,,97.7,,,,,,,,,,,,97.5,,,,,,,,,,,,,,,,,,,,,,,,,,,,,,
2015,Cree Durham,Cree,XPEHEW,CLD-AP65,1.0465,55.0,55.0,350,45,2.99,93.3,100,100.3,,,,,,,,,,,,,,,,100.9,,,,,,,102.3,,,,,,,,,,,,,,,102.1,,,,,,,,,,102.9,,,103.1,,,,,,,,,,,,102.4,,,,,,,,,,,,,,,102.3,,,,,,,,,,,,,101.6,,,,101.6,,,,,,,,,,,,,,,101.4,,,,,,,,,,,,101.4,,,,,,,,,,,,,,,,,,,,,,,,,,,,,,
2016,Cree Durham,Cree,XPEHEW,CLD-AP65,1.0465,55.0,55.0,350,45,2.99,93.3,100,97.1,,,,,,,,,,,,,,,,101.3,,,,,,,103.4,,,,,,,,,,,,,,,103.0,,,,,,,,,,103.3,,,104.0,,,,,,,,,,,,102.7,,,,,,,,,,,,,,,102.4,,,,,,,,,,,,,101.6,,,,102.5,,,,,,,,,,,,,,,102.3,,,,,,,,,,,,102.4,,,,,,,,,,,,,,,,,,,,,,,,,,,,,,
2017,Cree Durham,Cree,XPEHEW,CLD-AP65,1.043,55.0,55.0,350,45,2.98,96.8,100,99.9,,,,,,,,,,,,,,,,98.7,,,,,,,101.0,,,,,,,,,,,,,,,99.4,,,,,,,,,,100.1,,,100.3,,,,,,,,,,,,99.8,,,,,,,,,,,,,,,98.9,,,,,,,,,,,,,98.1,,,,97.8,,,,,,,,,,,,,,,97.7,,,,,,,,,,,,97.2,,,,,,,,,,,,,,,,,,,,,,,,,,,,,,
2018,Cree Durham,Cree,XPEHEW,CLD-AP65,1.05,55.0,55.0,350,45,3.0,90.0,100,98.2,,,,,,,,,,,,,,,,100.5,,,,,,,102.5,,,,,,,,,,,,,,,101.3,,,,,,,,,,103.5,,,102.6,,,,,,,,,,,,100.8,,,,,,,,,,,,,,,100.9,,,,,,,,,,,,,99.7,,,,100.5,,,,,,,,,,,,,,,100.9,,,,,,,,,,,,100.6,,,,,,,,,,,,,,,,,,,,,,,,,,,,,,
2019,Cree Durham,Cree,XPEHEW,CLD-AP65,1.043,55.0,55.0,350,45,2.98,84.8,100,98.3,,,,,,,,,,,,,,,,102.8,,,,,,,103.5,,,,,,,,,,,,,,,104.6,,,,,,,,,,102.9,,,104.3,,,,,,,,,,,,104.8,,,,,,,,,,,,,,,104.4,,,,,,,,,,,,,104.4,,,,104.0,,,,,,,,,,,,,,,103.1,,,,,,,,,,,,102.8,,,,,,,,,,,,,,,,,,,,,,,,,,,,,,
2020,Cree Durham,Cree,XPEHEW,CLD-AP65,1.078,85.0,85.0,350,45,3.08,100.2,100,103.1,,,,,,,,,,,,,,,,101.1,,,,,,,100.8,,,,,,,,,,,,,,,100.0,,,,,,,,,,102.2,,,101.9,,,,,,,,,,,,102.0,,,,,,,,,,,,,,,101.8,,,,,,,,,,,,,101.9,,,,101.2,,,,,,,,,,,,,,,101.3,,,,,,,,,,,,100.7,,,,,,,,,,,,,,,,,,,,,,,,,,,,,,
2021,Cree Durham,Cree,XPEHEW,CLD-AP65,1.085,85.0,85.0,350,45,3.1,102.1,100,103.2,,,,,,,,,,,,,,,,101.5,,,,,,,100.5,,,,,,,,,,,,,,,100.1,,,,,,,,,,102.4,,,102.2,,,,,,,,,,,,102.3,,,,,,,,,,,,,,,102.4,,,,,,,,,,,,,102.1,,,,101.3,,,,,,,,,,,,,,,102.6,,,,,,,,,,,,101.2,,,,,,,,,,,,,,,,,,,,,,,,,,,,,,
2022,Cree Durham,Cree,XPEHEW,CLD-AP65,1.085,85.0,85.0,350,45,3.1,99.4,100,101.2,,,,,,,,,,,,,,,,100.2,,,,,,,99.9,,,,,,,,,,,,,,,99.8,,,,,,,,,,102.0,,,101.8,,,,,,,,,,,,101.2,,,,,,,,,,,,,,,101.3,,,,,,,,,,,,,101.1,,,,100.4,,,,,,,,,,,,,,,101.4,,,,,,,,,,,,99.7,,,,,,,,,,,,,,,,,,,,,,,,,,,,,,
2023,Cree Durham,Cree,XPEHEW,CLD-AP65,1.05,85.0,85.0,350,45,3.0,95.6,100,99.5,,,,,,,,,,,,,,,,99.8,,,,,,,101.7,,,,,,,,,,,,,,,101.5,,,,,,,,,,100.4,,,100.9,,,,,,,,,,,,101.5,,,,,,,,,,,,,,,100.7,,,,,,,,,,,,,100.2,,,,100.3,,,,,,,,,,,,,,,100.6,,,,,,,,,,,,100.1,,,,,,,,,,,,,,,,,,,,,,,,,,,,,,
2024,Cree Durham,Cree,XPEHEW,CLD-AP65,1.057,85.0,85.0,350,45,3.02,86.9,100,100.5,,,,,,,,,,,,,,,,101.4,,,,,,,102.4,,,,,,,,,,,,,,,102.2,,,,,,,,,,101.5,,,100.9,,,,,,,,,,,,101.9,,,,,,,,,,,,,,,101.4,,,,,,,,,,,,,101.1,,,,101.8,,,,,,,,,,,,,,,101.9,,,,,,,,,,,,101.7,,,,,,,,,,,,,,,,,,,,,,,,,,,,,,
2025,Cree Durham,Cree,XPEHEW,CLD-AP65,1.071,85.0,85.0,350,45,3.06,100.4,100,103.2,,,,,,,,,,,,,,,,99.4,,,,,,,100.9,,,,,,,,,,,,,,,99.5,,,,,,,,,,100.1,,,101.9,,,,,,,,,,,,101.5,,,,,,,,,,,,,,,101.3,,,,,,,,,,,,,100.0,,,,99.3,,,,,,,,,,,,,,,100.6,,,,,,,,,,,,99.2,,,,,,,,,,,,,,,,,,,,,,,,,,,,,,
2026,Cree Durham,Cree,XPEHEW,CLD-AP65,1.071,85.0,85.0,350,45,3.06,87.0,100,101.6,,,,,,,,,,,,,,,,99.7,,,,,,,98.4,,,,,,,,,,,,,,,101.6,,,,,,,,,,100.7,,,101.0,,,,,,,,,,,,100.8,,,,,,,,,,,,,,,102.3,,,,,,,,,,,,,105.0,,,,104.5,,,,,,,,,,,,,,,103.3,,,,,,,,,,,,103.2,,,,,,,,,,,,,,,,,,,,,,,,,,,,,,
2027,Cree Durham,Cree,XPEHEW,CLD-AP65,1.064,85.0,85.0,350,45,3.04,95.9,100,102.1,,,,,,,,,,,,,,,,100.7,,,,,,,99.9,,,,,,,,,,,,,,,99.4,,,,,,,,,,99.6,,,99.0,,,,,,,,,,,,100.0,,,,,,,,,,,,,,,100.5,,,,,,,,,,,,,102.5,,,,102.0,,,,,,,,,,,,,,,101.0,,,,,,,,,,,,100.5,,,,,,,,,,,,,,,,,,,,,,,,,,,,,,
2028,Cree Durham,Cree,XPEHEW,CLD-AP65,1.057,85.0,85.0,350,45,3.02,88.4,100,100.0,,,,,,,,,,,,,,,,100.0,,,,,,,99.6,,,,,,,,,,,,,,,100.5,,,,,,,,,,100.1,,,99.1,,,,,,,,,,,,99.4,,,,,,,,,,,,,,,100.5,,,,,,,,,,,,,104.2,,,,103.8,,,,,,,,,,,,,,,102.3,,,,,,,,,,,,102.0,,,,,,,,,,,,,,,,,,,,,,,,,,,,,,
2029,Cree Durham,Cree,XPEHEW,CLD-AP65,1.0675,85.0,85.0,350,45,3.05,90.2,100,99.8,,,,,,,,,,,,,,,,98.4,,,,,,,98.0,,,,,,,,,,,,,,,99.0,,,,,,,,,,98.8,,,98.4,,,,,,,,,,,,98.8,,,,,,,,,,,,,,,99.7,,,,,,,,,,,,,101.8,,,,101.5,,,,,,,,,,,,,,,101.0,,,,,,,,,,,,100.7,,,,,,,,,,,,,,,,,,,,,,,,,,,,,,
2030,Cree Durham,Cree,XPEHEW,CLD-AP65,1.0675,85.0,85.0,350,45,3.05,95.3,100,103.4,,,,,,,,,,,,,,,,100.6,,,,,,,100.3,,,,,,,,,,,,,,,100.5,,,,,,,,,,99.8,,,98.0,,,,,,,,,,,,98.8,,,,,,,,,,,,,,,99.1,,,,,,,,,,,,,102.2,,,,101.5,,,,,,,,,,,,,,,101.0,,,,,,,,,,,,100.7,,,,,,,,,,,,,,,,,,,,,,,,,,,,,,
2031,Cree Durham,Cree,XPEHEW,CLD-AP65,1.064,85.0,85.0,350,45,3.04,89.6,100,100.8,,,,,,,,,,,,,,,,100.9,,,,,,,100.6,,,,,,,,,,,,,,,101.2,,,,,,,,,,101.1,,,100.7,,,,,,,,,,,,101.5,,,,,,,,,,,,,,,102.2,,,,,,,,,,,,,104.8,,,,102.7,,,,,,,,,,,,,,,103.2,,,,,,,,,,,,102.8,,,,,,,,,,,,,,,,,,,,,,,,,,,,,,
2032,Cree Durham,Cree,XPEHEW,CLD-AP65,1.0535,85.0,85.0,350,45,3.01,96.0,100,102.0,,,,,,,,,,,,,,,,100.6,,,,,,,100.7,,,,,,,,,,,,,,,100.4,,,,,,,,,,100.1,,,99.3,,,,,,,,,,,,100.2,,,,,,,,,,,,,,,100.6,,,,,,,,,,,,,102.8,,,,102.1,,,,,,,,,,,,,,,101.8,,,,,,,,,,,,101.3,,,,,,,,,,,,,,,,,,,,,,,,,,,,,,
2033,Cree Durham,Cree,XPEHEW,CLD-AP65,1.071,85.0,85.0,350,45,3.06,87.6,100,101.0,,,,,,,,,,,,,,,,99.4,,,,,,,98.9,,,,,,,,,,,,,,,99.9,,,,,,,,,,99.7,,,100.0,,,,,,,,,,,,100.2,,,,,,,,,,,,,,,101.1,,,,,,,,,,,,,104.1,,,,103.4,,,,,,,,,,,,,,,103.6,,,,,,,,,,,,103.1,,,,,,,,,,,,,,,,,,,,,,,,,,,,,,
2034,Cree Durham,Cree,XPEHEW,CLD-AP65,1.029,85.0,85.0,350,45,2.94,85.1,100,101.0,,,,,,,,,,,,,,,,102.4,,,,,,,103.4,,,,,,,,,,,,,,,104.5,,,,,,,,,,102.9,,,104.0,,,,,,,,,,,,103.9,,,,,,,,,,,,,,,103.3,,,,,,,,,,,,,103.0,,,,106.0,,,,,,,,,,,,,,,102.3,,,,,,,,,,,,101.6,,,,,,,,,,,,,,,,,,,,,,,,,,,,,,
2035,Cree Durham,Cree,XPEHEW,CLD-AP65,1.0255,85.0,85.0,350,45,2.93,97.7,100,100.7,,,,,,,,,,,,,,,,100.1,,,,,,,99.6,,,,,,,,,,,,,,,100.9,,,,,,,,,,100.7,,,100.4,,,,,,,,,,,,100.1,,,,,,,,,,,,,,,99.8,,,,,,,,,,,,,101.4,,,,100.5,,,,,,,,,,,,,,,100.1,,,,,,,,,,,,100.3,,,,,,,,,,,,,,,,,,,,,,,,,,,,,,
2036,Cree Durham,Cree,XPEHEW,CLD-AP65,1.0255,85.0,85.0,350,45,2.93,87.5,100,100.8,,,,,,,,,,,,,,,,99.5,,,,,,,99.4,,,,,,,,,,,,,,,100.0,,,,,,,,,,99.5,,,99.6,,,,,,,,,,,,99.8,,,,,,,,,,,,,,,99.6,,,,,,,,,,,,,101.0,,,,101.9,,,,,,,,,,,,,,,100.3,,,,,,,,,,,,100.6,,,,,,,,,,,,,,,,,,,,,,,,,,,,,,
2037,Cree Durham,Cree,XPEHEW,CLD-AP65,1.0255,85.0,85.0,350,45,2.93,96.0,100,98.8,,,,,,,,,,,,,,,,98.7,,,,,,,96.7,,,,,,,,,,,,,,,98.1,,,,,,,,,,98.1,,,97.9,,,,,,,,,,,,97.5,,,,,,,,,,,,,,,97.2,,,,,,,,,,,,,98.3,,,,98.2,,,,,,,,,,,,,,,97.8,,,,,,,,,,,,98.2,,,,,,,,,,,,,,,,,,,,,,,,,,,,,,
2038,Cree Durham,Cree,XPEHEW,CLD-AP65,1.029,85.0,85.0,350,45,2.94,87.6,100,99.1,,,,,,,,,,,,,,,,99.4,,,,,,,99.3,,,,,,,,,,,,,,,99.6,,,,,,,,,,99.7,,,99.9,,,,,,,,,,,,99.2,,,,,,,,,,,,,,,98.8,,,,,,,,,,,,,99.7,,,,100.6,,,,,,,,,,,,,,,98.8,,,,,,,,,,,,99.5,,,,,,,,,,,,,,,,,,,,,,,,,,,,,,
2039,Cree Durham,Cree,XPEHEW,CLD-AP65,1.029,85.0,85.0,350,45,2.94,95.0,100,101.0,,,,,,,,,,,,,,,,97.4,,,,,,,96.9,,,,,,,,,,,,,,,98.0,,,,,,,,,,97.2,,,97.0,,,,,,,,,,,,96.5,,,,,,,,,,,,,,,99.3,,,,,,,,,,,,,99.1,,,,98.9,,,,,,,,,,,,,,,98.5,,,,,,,,,,,,98.4,,,,,,,,,,,,,,,,,,,,,,,,,,,,,,
2040,Cree Durham,Cree,XPEHEW,CLD-AP65,1.0255,85.0,85.0,350,45,2.93,89.3,100,99.3,,,,,,,,,,,,,,,,101.2,,,,,,,100.9,,,,,,,,,,,,,,,102.2,,,,,,,,,,102.0,,,101.7,,,,,,,,,,,,101.3,,,,,,,,,,,,,,,101.3,,,,,,,,,,,,,102.1,,,,102.2,,,,,,,,,,,,,,,101.0,,,,,,,,,,,,101.5,,,,,,,,,,,,,,,,,,,,,,,,,,,,,,
2041,Cree Durham,Cree,XPEHEW,CLD-AP65,1.0255,85.0,85.0,350,45,2.93,97.1,100,101.8,,,,,,,,,,,,,,,,99.2,,,,,,,98.9,,,,,,,,,,,,,,,100.4,,,,,,,,,,100.5,,,99.9,,,,,,,,,,,,99.5,,,,,,,,,,,,,,,99.5,,,,,,,,,,,,,100.1,,,,99.6,,,,,,,,,,,,,,,98.9,,,,,,,,,,,,99.8,,,,,,,,,,,,,,,,,,,,,,,,,,,,,,
2042,Cree Durham,Cree,XPEHEW,CLD-AP65,1.0325,85.0,85.0,350,45,2.95,87.4,100,100.0,,,,,,,,,,,,,,,,100.3,,,,,,,97.9,,,,,,,,,,,,,,,100.9,,,,,,,,,,100.1,,,100.6,,,,,,,,,,,,100.0,,,,,,,,,,,,,,,99.8,,,,,,,,,,,,,100.8,,,,100.4,,,,,,,,,,,,,,,99.7,,,,,,,,,,,,100.4,,,,,,,,,,,,,,,,,,,,,,,,,,,,,,
2043,Cree Durham,Cree,XPEHEW,CLD-AP65,1.057,85.0,85.0,350,45,3.02,90.3,100,98.5,,,,,,,,,,,,,,,,98.2,,,,,,,99.8,,,,,,,,,,,,,,,99.4,,,,,,,,,,97.4,,,97.3,,,,,,,,,,,,98.4,,,,,,,,,,,,,,,97.9,,,,,,,,,,,,,96.7,,,,96.9,,,,,,,,,,,,,,,97.2,,,,,,,,,,,,96.8,,,,,,,,,,,,,,,,,,,,,,,,,,,,,,
2044,Cree Durham,Cree,XPEHEW,CLD-AP65,1.0465,85.0,85.0,350,45,2.99,83.9,100,103.9,,,,,,,,,,,,,,,,103.8,,,,,,,105.3,,,,,,,,,,,,,,,105.1,,,,,,,,,,104.4,,,103.9,,,,,,,,,,,,104.7,,,,,,,,,,,,,,,104.2,,,,,,,,,,,,,104.1,,,,104.0,,,,,,,,,,,,,,,103.0,,,,,,,,,,,,103.2,,,,,,,,,,,,,,,,,,,,,,,,,,,,,,
2045,Cree Durham,Cree,XPEHEW,CLD-AP65,1.56,45.0,45.0,500,45,3.12,131.2,100,98.8,,,,,,,,,,,,,,,,100.3,,,,,,,,,,,,,,,,,,,,,,100.3,,,,,,,,,,,,,100.2,,,,,,,,,,,,,,,,,,,,,,,,,,,100.3,,,,,,,,,,,,,,,,,100.1,,,,,,,,,,,,,,,,,,,,,,,,,,,99.5,,,,,,,,,,,101.2,,,,,,100.1,,,,,,,,,,,,,
2046,Cree Durham,Cree,XPEHEW,CLD-AP65,1.555,45.0,45.0,500,45,3.11,131.0,100,99.9,,,,,,,,,,,,,,,,101.1,,,,,,,,,,,,,,,,,,,,,,100.9,,,,,,,,,,,,,100.5,,,,,,,,,,,,,,,,,,,,,,,,,,,101.2,,,,,,,,,,,,,,,,,101.1,,,,,,,,,,,,,,,,,,,,,,,,,,,100.7,,,,,,,,,,,101.8,,,,,,100.6,,,,,,,,,,,,,
2047,Cree Durham,Cree,XPEHEW,CLD-AP65,1.55,45.0,45.0,500,45,3.1,131.2,100,98.7,,,,,,,,,,,,,,,,101.3,,,,,,,,,,,,,,,,,,,,,,100.8,,,,,,,,,,,,,100.2,,,,,,,,,,,,,,,,,,,,,,,,,,,99.4,,,,,,,,,,,,,,,,,98.9,,,,,,,,,,,,,,,,,,,,,,,,,,,98.2,,,,,,,,,,,99.5,,,,,,98.4,,,,,,,,,,,,,
2048,Cree Durham,Cree,XPEHEW,CLD-AP65,1.56,45.0,45.0,500,45,3.12,128.6,100,99.5,,,,,,,,,,,,,,,,99.9,,,,,,,,,,,,,,,,,,,,,,99.2,,,,,,,,,,,,,99.0,,,,,,,,,,,,,,,,,,,,,,,,,,,100.3,,,,,,,,,,,,,,,,,99.1,,,,,,,,,,,,,,,,,,,,,,,,,,,98.6,,,,,,,,,,,101.6,,,,,,99.5,,,,,,,,,,,,,
2049,Cree Durham,Cree,XPEHEW,CLD-AP65,1.565,45.0,45.0,500,45,3.13,131.5,100,98.2,,,,,,,,,,,,,,,,99.6,,,,,,,,,,,,,,,,,,,,,,98.9,,,,,,,,,,,,,98.4,,,,,,,,,,,,,,,,,,,,,,,,,,,96.4,,,,,,,,,,,,,,,,,96.0,,,,,,,,,,,,,,,,,,,,,,,,,,,95.1,,,,,,,,,,,98.8,,,,,,97.4,,,,,,,,,,,,,
2050,Cree Durham,Cree,XPEHEW,CLD-AP65,1.555,45.0,45.0,500,45,3.11,127.3,100,98.3,,,,,,,,,,,,,,,,100.7,,,,,,,,,,,,,,,,,,,,,,100.4,,,,,,,,,,,,,100.3,,,,,,,,,,,,,,,,,,,,,,,,,,,100.5,,,,,,,,,,,,,,,,,98.9,,,,,,,,,,,,,,,,,,,,,,,,,,,98.2,,,,,,,,,,,102.2,,,,,,101.0,,,,,,,,,,,,,
2051,Cree Durham,Cree,XPEHEW,CLD-AP65,1.565,45.0,45.0,500,45,3.13,129.2,100,99.1,,,,,,,,,,,,,,,,102.8,,,,,,,,,,,,,,,,,,,,,,102.7,,,,,,,,,,,,,102.6,,,,,,,,,,,,,,,,,,,,,,,,,,,102.9,,,,,,,,,,,,,,,,,102.0,,,,,,,,,,,,,,,,,,,,,,,,,,,100.8,,,,,,,,,,,102.4,,,,,,101.0,,,,,,,,,,,,,
2052,Cree Durham,Cree,XPEHEW,CLD-AP65,1.56,45.0,45.0,500,45,3.12,131.5,100,99.5,,,,,,,,,,,,,,,,101.8,,,,,,,,,,,,,,,,,,,,,,101.8,,,,,,,,,,,,,102.0,,,,,,,,,,,,,,,,,,,,,,,,,,,101.8,,,,,,,,,,,,,,,,,101.3,,,,,,,,,,,,,,,,,,,,,,,,,,,100.0,,,,,,,,,,,101.8,,,,,,100.7,,,,,,,,,,,,,
2053,Cree Durham,Cree,XPEHEW,CLD-AP65,1.565,45.0,45.0,500,45,3.13,130.0,100,99.1,,,,,,,,,,,,,,,,102.1,,,,,,,,,,,,,,,,,,,,,,102.0,,,,,,,,,,,,,101.9,,,,,,,,,,,,,,,,,,,,,,,,,,,104.7,,,,,,,,,,,,,,,,,103.0,,,,,,,,,,,,,,,,,,,,,,,,,,,101.9,,,,,,,,,,,103.7,,,,,,102.5,,,,,,,,,,,,,
2054,Cree Durham,Cree,XPEHEW,CLD-AP65,1.535,45.0,45.0,500,45,3.07,126.9,100,99.5,,,,,,,,,,,,,,,,97.4,,,,,,,,,,,,,,,,,,,,,,99.7,,,,,,,,,,,,,98.9,,,,,,,,,,,,,,,,,,,,,,,,,,,100.1,,,,,,,,,,,,,,,,,100.1,,,,,,,,,,,,,,,,,,,,,,,,,,,97.8,,,,,,,,,,,97.4,,,,,,94.7,,,,,,,,,,,,,
2055,Cree Durham,Cree,XPEHEW,CLD-AP65,1.53,45.0,45.0,500,45,3.06,128.2,100,100.1,,,,,,,,,,,,,,,,97.8,,,,,,,,,,,,,,,,,,,,,,99.4,,,,,,,,,,,,,98.5,,,,,,,,,,,,,,,,,,,,,,,,,,,99.1,,,,,,,,,,,,,,,,,99.6,,,,,,,,,,,,,,,,,,,,,,,,,,,97.9,,,,,,,,,,,97.9,,,,,,95.6,,,,,,,,,,,,,
2056,Cree Durham,Cree,XPEHEW,CLD-AP65,1.53,45.0,45.0,500,45,3.06,128.1,100,99.6,,,,,,,,,,,,,,,,100.5,,,,,,,,,,,,,,,,,,,,,,100.6,,,,,,,,,,,,,100.4,,,,,,,,,,,,,,,,,,,,,,,,,,,100.4,,,,,,,,,,,,,,,,,101.1,,,,,,,,,,,,,,,,,,,,,,,,,,,99.5,,,,,,,,,,,98.4,,,,,,96.0,,,,,,,,,,,,,
2057,Cree Durham,Cree,XPEHEW,CLD-AP65,1.54,45.0,45.0,500,45,3.08,127.9,100,97.9,,,,,,,,,,,,,,,,97.4,,,,,,,,,,,,,,,,,,,,,,97.4,,,,,,,,,,,,,96.8,,,,,,,,,,,,,,,,,,,,,,,,,,,98.0,,,,,,,,,,,,,,,,,97.0,,,,,,,,,,,,,,,,,,,,,,,,,,,99.9,,,,,,,,,,,96.9,,,,,,97.4,,,,,,,,,,,,,
2058,Cree Durham,Cree,XPEHEW,CLD-AP65,1.535,45.0,45.0,500,45,3.07,133.4,100,98.9,,,,,,,,,,,,,,,,100.0,,,,,,,,,,,,,,,,,,,,,,100.0,,,,,,,,,,,,,102.3,,,,,,,,,,,,,,,,,,,,,,,,,,,100.5,,,,,,,,,,,,,,,,,99.3,,,,,,,,,,,,,,,,,,,,,,,,,,,98.9,,,,,,,,,,,101.9,,,,,,99.3,,,,,,,,,,,,,
2059,Cree Durham,Cree,XPEHEW,CLD-AP65,1.545,45.0,45.0,500,45,3.09,135.2,100,98.8,,,,,,,,,,,,,,,,99.9,,,,,,,,,,,,,,,,,,,,,,100.6,,,,,,,,,,,,,99.6,,,,,,,,,,,,,,,,,,,,,,,,,,,97.6,,,,,,,,,,,,,,,,,97.9,,,,,,,,,,,,,,,,,,,,,,,,,,,98.0,,,,,,,,,,,99.4,,,,,,99.0,,,,,,,,,,,,,
2060,Cree Durham,Cree,XPEHEW,CLD-AP65,1.53,45.0,45.0,500,45,3.06,123.3,100,101.5,,,,,,,,,,,,,,,,103.9,,,,,,,,,,,,,,,,,,,,,,103.8,,,,,,,,,,,,,105.0,,,,,,,,,,,,,,,,,,,,,,,,,,,105.2,,,,,,,,,,,,,,,,,104.5,,,,,,,,,,,,,,,,,,,,,,,,,,,105.3,,,,,,,,,,,103.5,,,,,,103.2,,,,,,,,,,,,,
2061,Cree Durham,Cree,XPEHEW,CLD-AP65,1.55,45.0,45.0,500,45,3.1,120.1,100,97.8,,,,,,,,,,,,,,,,98.3,,,,,,,,,,,,,,,,,,,,,,98.4,,,,,,,,,,,,,100.2,,,,,,,,,,,,,,,,,,,,,,,,,,,100.2,,,,,,,,,,,,,,,,,100.3,,,,,,,,,,,,,,,,,,,,,,,,,,,99.2,,,,,,,,,,,100.9,,,,,,98.4,,,,,,,,,,,,,
2062,Cree Durham,Cree,XPEHEW,CLD-AP65,1.55,45.0,45.0,500,45,3.1,125.4,100,96.2,,,,,,,,,,,,,,,,96.7,,,,,,,,,,,,,,,,,,,,,,96.9,,,,,,,,,,,,,98.3,,,,,,,,,,,,,,,,,,,,,,,,,,,98.5,,,,,,,,,,,,,,,,,98.7,,,,,,,,,,,,,,,,,,,,,,,,,,,98.1,,,,,,,,,,,99.1,,,,,,97.9,,,,,,,,,,,,,
2063,Cree Durham,Cree,XPEHEW,CLD-AP65,1.55,45.0,45.0,500,45,3.1,121.8,100,97.7,,,,,,,,,,,,,,,,97.5,,,,,,,,,,,,,,,,,,,,,,97.7,,,,,,,,,,,,,98.6,,,,,,,,,,,,,,,,,,,,,,,,,,,98.7,,,,,,,,,,,,,,,,,98.8,,,,,,,,,,,,,,,,,,,,,,,,,,,98.1,,,,,,,,,,,100.8,,,,,,97.8,,,,,,,,,,,,,
2064,Cree Durham,Cree,XPEHEW,CLD-AP65,1.53,45.0,45.0,500,45,3.06,134.5,100,98.5,,,,,,,,,,,,,,,,100.0,,,,,,,,,,,,,,,,,,,,,,100.3,,,,,,,,,,,,,101.7,,,,,,,,,,,,,,,,,,,,,,,,,,,101.5,,,,,,,,,,,,,,,,,100.9,,,,,,,,,,,,,,,,,,,,,,,,,,,100.6,,,,,,,,,,,101.6,,,,,,99.8,,,,,,,,,,,,,
2065,Cree Durham,Cree,XPEHEW,CLD-AP65,1.545,45.0,45.0,500,45,3.09,126.0,100,97.9,,,,,,,,,,,,,,,,98.8,,,,,,,,,,,,,,,,,,,,,,97.9,,,,,,,,,,,,,98.0,,,,,,,,,,,,,,,,,,,,,,,,,,,97.8,,,,,,,,,,,,,,,,,97.5,,,,,,,,,,,,,,,,,,,,,,,,,,,96.9,,,,,,,,,,,94.7,,,,,,92.6,,,,,,,,,,,,,
2066,Cree Durham,Cree,XPEHEW,CLD-AP65,1.545,45.0,45.0,500,45,3.09,130.8,100,95.6,,,,,,,,,,,,,,,,97.9,,,,,,,,,,,,,,,,,,,,,,97.0,,,,,,,,,,,,,98.8,,,,,,,,,,,,,,,,,,,,,,,,,,,99.0,,,,,,,,,,,,,,,,,97.8,,,,,,,,,,,,,,,,,,,,,,,,,,,97.1,,,,,,,,,,,96.1,,,,,,96.9,,,,,,,,,,,,,
2067,Cree Durham,Cree,XPEHEW,CLD-AP65,1.535,45.0,45.0,500,45,3.07,126.1,100,99.0,,,,,,,,,,,,,,,,102.0,,,,,,,,,,,,,,,,,,,,,,100.2,,,,,,,,,,,,,103.0,,,,,,,,,,,,,,,,,,,,,,,,,,,102.7,,,,,,,,,,,,,,,,,101.4,,,,,,,,,,,,,,,,,,,,,,,,,,,99.4,,,,,,,,,,,98.8,,,,,,97.9,,,,,,,,,,,,,
2068,Cree Durham,Cree,XPEHEW,CLD-AP65,1.525,45.0,45.0,500,45,3.05,136.6,100,99.8,,,,,,,,,,,,,,,,103.3,,,,,,,,,,,,,,,,,,,,,,102.3,,,,,,,,,,,,,103.7,,,,,,,,,,,,,,,,,,,,,,,,,,,103.4,,,,,,,,,,,,,,,,,101.6,,,,,,,,,,,,,,,,,,,,,,,,,,,101.7,,,,,,,,,,,100.8,,,,,,99.8,,,,,,,,,,,,,
2069,Cree Durham,Cree,XPEHEW,CLD-AP65,1.54,45.0,45.0,500,45,3.08,125.5,100,99.0,,,,,,,,,,,,,,,,103.0,,,,,,,,,,,,,,,,,,,,,,101.6,,,,,,,,,,,,,102.6,,,,,,,,,,,,,,,,,,,,,,,,,,,101.7,,,,,,,,,,,,,,,,,101.8,,,,,,,,,,,,,,,,,,,,,,,,,,,100.1,,,,,,,,,,,98.7,,,,,,96.1,,,,,,,,,,,,,
2070,Cree Durham,Cree,XPEHEW,CLD-AP65,1.55,55.0,55.0,500,45,3.1,131.9,100,100.3,,,,,,,,,,,,,,,,101.1,,,,,,,,,,,,,,,,,,,,,,99.0,,,,,,,,,,,,,100.4,,,,,,,,,,,,,,,,,,,,,,,,,,,98.9,,,,,,,,,,,,,,,,,97.3,,,,,,,,,,,,,,,,,,,,,,,,,,,97.2,,,,,,,,,,,96.5,,,,,,,,,,,,,,,,,,,
2071,Cree Durham,Cree,XPEHEW,CLD-AP65,1.545,55.0,55.0,500,45,3.09,131.1,100,101.2,,,,,,,,,,,,,,,,99.6,,,,,,,,,,,,,,,,,,,,,,99.2,,,,,,,,,,,,,100.1,,,,,,,,,,,,,,,,,,,,,,,,,,,98.7,,,,,,,,,,,,,,,,,97.6,,,,,,,,,,,,,,,,,,,,,,,,,,,97.3,,,,,,,,,,,96.9,,,,,,,,,,,,,,,,,,,
2072,Cree Durham,Cree,XPEHEW,CLD-AP65,1.55,55.0,55.0,500,45,3.1,122.3,100,101.7,,,,,,,,,,,,,,,,102.2,,,,,,,,,,,,,,,,,,,,,,103.1,,,,,,,,,,,,,101.1,,,,,,,,,,,,,,,,,,,,,,,,,,,100.7,,,,,,,,,,,,,,,,,101.6,,,,,,,,,,,,,,,,,,,,,,,,,,,101.6,,,,,,,,,,,101.2,,,,,,100.0,,,,,,,,,,,,,
2073,Cree Durham,Cree,XPEHEW,CLD-AP65,1.57,55.0,55.0,500,45,3.14,119.3,100,101.8,,,,,,,,,,,,,,,,102.7,,,,,,,,,,,,,,,,,,,,,,103.2,,,,,,,,,,,,,103.7,,,,,,,,,,,,,,,,,,,,,,,,,,,103.2,,,,,,,,,,,,,,,,,102.5,,,,,,,,,,,,,,,,,,,,,,,,,,,102.3,,,,,,,,,,,101.8,,,,,,101.4,,,,,,,,,,,,,
2074,Cree Durham,Cree,XPEHEW,CLD-AP65,1.545,55.0,55.0,500,45,3.09,130.9,100,100.9,,,,,,,,,,,,,,,,101.4,,,,,,,,,,,,,,,,,,,,,,102.7,,,,,,,,,,,,,102.2,,,,,,,,,,,,,,,,,,,,,,,,,,,100.9,,,,,,,,,,,,,,,,,100.5,,,,,,,,,,,,,,,,,,,,,,,,,,,101.1,,,,,,,,,,,100.8,,,,,,99.9,,,,,,,,,,,,,
2075,Cree Durham,Cree,XPEHEW,CLD-AP65,1.545,55.0,55.0,500,45,3.09,133.2,100,100.9,,,,,,,,,,,,,,,,101.8,,,,,,,,,,,,,,,,,,,,,,101.6,,,,,,,,,,,,,101.9,,,,,,,,,,,,,,,,,,,,,,,,,,,101.6,,,,,,,,,,,,,,,,,99.8,,,,,,,,,,,,,,,,,,,,,,,,,,,100.5,,,,,,,,,,,99.2,,,,,,99.5,,,,,,,,,,,,,
2076,Cree Durham,Cree,XPEHEW,CLD-AP65,1.55,55.0,55.0,500,45,3.1,125.5,100,99.3,,,,,,,,,,,,,,,,103.5,,,,,,,,,,,,,,,,,,,,,,103.6,,,,,,,,,,,,,103.8,,,,,,,,,,,,,,,,,,,,,,,,,,,101.6,,,,,,,,,,,,,,,,,101.3,,,,,,,,,,,,,,,,,,,,,,,,,,,102.4,,,,,,,,,,,102.1,,,,,,100.8,,,,,,,,,,,,,
2077,Cree Durham,Cree,XPEHEW,CLD-AP65,1.55,55.0,55.0,500,45,3.1,135.4,100,98.1,,,,,,,,,,,,,,,,100.3,,,,,,,,,,,,,,,,,,,,,,99.0,,,,,,,,,,,,,98.1,,,,,,,,,,,,,,,,,,,,,,,,,,,96.0,,,,,,,,,,,,,,,,,97.3,,,,,,,,,,,,,,,,,,,,,,,,,,,97.1,,,,,,,,,,,96.7,,,,,,95.7,,,,,,,,,,,,,
2078,Cree Durham,Cree,XPEHEW,CLD-AP65,1.545,55.0,55.0,500,45,3.09,132.9,100,98.6,,,,,,,,,,,,,,,,100.7,,,,,,,,,,,,,,,,,,,,,,101.2,,,,,,,,,,,,,100.4,,,,,,,,,,,,,,,,,,,,,,,,,,,97.8,,,,,,,,,,,,,,,,,98.8,,,,,,,,,,,,,,,,,,,,,,,,,,,98.6,,,,,,,,,,,98.4,,,,,,97.7,,,,,,,,,,,,,
2079,Cree Durham,Cree,XPEHEW,CLD-AP65,1.545,55.0,55.0,500,45,3.09,135.2,100,98.1,,,,,,,,,,,,,,,,100.4,,,,,,,,,,,,,,,,,,,,,,99.2,,,,,,,,,,,,,98.7,,,,,,,,,,,,,,,,,,,,,,,,,,,96.7,,,,,,,,,,,,,,,,,98.6,,,,,,,,,,,,,,,,,,,,,,,,,,,97.4,,,,,,,,,,,96.5,,,,,,95.6,,,,,,,,,,,,,
2080,Cree Durham,Cree,XPEHEW,CLD-AP65,1.555,55.0,55.0,500,45,3.11,126.7,100,96.3,,,,,,,,,,,,,,,,99.5,,,,,,,,,,,,,,,,,,,,,,99.9,,,,,,,,,,,,,99.8,,,,,,,,,,,,,,,,,,,,,,,,,,,97.5,,,,,,,,,,,,,,,,,100.3,,,,,,,,,,,,,,,,,,,,,,,,,,,100.4,,,,,,,,,,,99.6,,,,,,99.4,,,,,,,,,,,,,
2081,Cree Durham,Cree,XPEHEW,CLD-AP65,1.54,55.0,55.0,500,45,3.08,129.3,100,97.7,,,,,,,,,,,,,,,,100.0,,,,,,,,,,,,,,,,,,,,,,100.9,,,,,,,,,,,,,100.9,,,,,,,,,,,,,,,,,,,,,,,,,,,98.5,,,,,,,,,,,,,,,,,100.2,,,,,,,,,,,,,,,,,,,,,,,,,,,99.0,,,,,,,,,,,98.8,,,,,,99.3,,,,,,,,,,,,,
2082,Cree Durham,Cree,XPEHEW,CLD-AP65,1.555,55.0,55.0,500,45,3.11,138.4,100,98.4,,,,,,,,,,,,,,,,100.6,,,,,,,,,,,,,,,,,,,,,,99.8,,,,,,,,,,,,,99.8,,,,,,,,,,,,,,,,,,,,,,,,,,,97.9,,,,,,,,,,,,,,,,,99.7,,,,,,,,,,,,,,,,,,,,,,,,,,,98.7,,,,,,,,,,,98.1,,,,,,97.4,,,,,,,,,,,,,
2083,Cree Durham,Cree,XPEHEW,CLD-AP65,1.55,55.0,55.0,500,45,3.1,133.1,100,98.4,,,,,,,,,,,,,,,,101.0,,,,,,,,,,,,,,,,,,,,,,101.7,,,,,,,,,,,,,101.9,,,,,,,,,,,,,,,,,,,,,,,,,,,100.3,,,,,,,,,,,,,,,,,101.2,,,,,,,,,,,,,,,,,,,,,,,,,,,100.7,,,,,,,,,,,100.7,,,,,,100.7,,,,,,,,,,,,,
2084,Cree Durham,Cree,XPEHEW,CLD-AP65,1.56,55.0,55.0,500,45,3.12,125.5,100,101.4,,,,,,,,,,,,,,,,102.7,,,,,,,,,,,,,,,,,,,,,,102.6,,,,,,,,,,,,,102.1,,,,,,,,,,,,,,,,,,,,,,,,,,,103.5,,,,,,,,,,,,,,,,,104.2,,,,,,,,,,,,,,,,,,,,,,,,,,,103.5,,,,,,,,,,,103.0,,,,,,103.8,,,,,,,,,,,,,
2085,Cree Durham,Cree,XPEHEW,CLD-AP65,1.56,55.0,55.0,500,45,3.12,132.2,100,100.3,,,,,,,,,,,,,,,,100.4,,,,,,,,,,,,,,,,,,,,,,100.7,,,,,,,,,,,,,100.7,,,,,,,,,,,,,,,,,,,,,,,,,,,100.2,,,,,,,,,,,,,,,,,100.3,,,,,,,,,,,,,,,,,,,,,,,,,,,99.8,,,,,,,,,,,100.7,,,,,,100.0,,,,,,,,,,,,,
2086,Cree Durham,Cree,XPEHEW,CLD-AP65,1.555,55.0,55.0,500,45,3.11,130.3,100,100.0,,,,,,,,,,,,,,,,98.9,,,,,,,,,,,,,,,,,,,,,,98.9,,,,,,,,,,,,,98.5,,,,,,,,,,,,,,,,,,,,,,,,,,,98.9,,,,,,,,,,,,,,,,,99.6,,,,,,,,,,,,,,,,,,,,,,,,,,,99.0,,,,,,,,,,,98.1,,,,,,98.6,,,,,,,,,,,,,
2087,Cree Durham,Cree,XPEHEW,CLD-AP65,1.55,55.0,55.0,500,45,3.1,129.2,100,99.5,,,,,,,,,,,,,,,,101.3,,,,,,,,,,,,,,,,,,,,,,102.1,,,,,,,,,,,,,102.1,,,,,,,,,,,,,,,,,,,,,,,,,,,101.7,,,,,,,,,,,,,,,,,102.0,,,,,,,,,,,,,,,,,,,,,,,,,,,101.5,,,,,,,,,,,101.7,,,,,,100.9,,,,,,,,,,,,,
2088,Cree Durham,Cree,XPEHEW,CLD-AP65,1.56,55.0,55.0,500,45,3.12,126.4,100,99.6,,,,,,,,,,,,,,,,100.4,,,,,,,,,,,,,,,,,,,,,,99.8,,,,,,,,,,,,,99.5,,,,,,,,,,,,,,,,,,,,,,,,,,,99.9,,,,,,,,,,,,,,,,,100.2,,,,,,,,,,,,,,,,,,,,,,,,,,,99.7,,,,,,,,,,,99.6,,,,,,99.3,,,,,,,,,,,,,
2089,Cree Durham,Cree,XPEHEW,CLD-AP65,1.57,55.0,55.0,500,45,3.14,129.9,100,100.2,,,,,,,,,,,,,,,,101.2,,,,,,,,,,,,,,,,,,,,,,101.4,,,,,,,,,,,,,101.1,,,,,,,,,,,,,,,,,,,,,,,,,,,100.6,,,,,,,,,,,,,,,,,100.6,,,,,,,,,,,,,,,,,,,,,,,,,,,100.0,,,,,,,,,,,100.6,,,,,,99.1,,,,,,,,,,,,,
2090,Cree Durham,Cree,XPEHEW,CLD-AP65,1.545,55.0,55.0,500,45,3.09,129.0,100,100.2,,,,,,,,,,,,,,,,101.4,,,,,,,,,,,,,,,,,,,,,,101.2,,,,,,,,,,,,,100.9,,,,,,,,,,,,,,,,,,,,,,,,,,,100.3,,,,,,,,,,,,,,,,,100.3,,,,,,,,,,,,,,,,,,,,,,,,,,,99.9,,,,,,,,,,,100.8,,,,,,99.5,,,,,,,,,,,,,
2091,Cree Durham,Cree,XPEHEW,CLD-AP65,1.56,55.0,55.0,500,45,3.12,127.7,100,100.2,,,,,,,,,,,,,,,,100.1,,,,,,,,,,,,,,,,,,,,,,100.7,,,,,,,,,,,,,100.4,,,,,,,,,,,,,,,,,,,,,,,,,,,100.4,,,,,,,,,,,,,,,,,101.0,,,,,,,,,,,,,,,,,,,,,,,,,,,100.3,,,,,,,,,,,100.4,,,,,,99.2,,,,,,,,,,,,,
2092,Cree Durham,Cree,XPEHEW,CLD-AP65,1.545,55.0,55.0,500,45,3.09,130.5,100,98.2,,,,,,,,,,,,,,,,99.6,,,,,,,,,,,,,,,,,,,,,,100.0,,,,,,,,,,,,,100.0,,,,,,,,,,,,,,,,,,,,,,,,,,,99.3,,,,,,,,,,,,,,,,,99.5,,,,,,,,,,,,,,,,,,,,,,,,,,,99.0,,,,,,,,,,,100.0,,,,,,98.7,,,,,,,,,,,,,
2093,Cree Durham,Cree,XPEHEW,CLD-AP65,1.56,55.0,55.0,500,45,3.12,128.7,100,99.3,,,,,,,,,,,,,,,,101.3,,,,,,,,,,,,,,,,,,,,,,101.8,,,,,,,,,,,,,100.9,,,,,,,,,,,,,,,,,,,,,,,,,,,101.2,,,,,,,,,,,,,,,,,102.2,,,,,,,,,,,,,,,,,,,,,,,,,,,101.5,,,,,,,,,,,101.4,,,,,,100.9,,,,,,,,,,,,,
2094,Cree Durham,Cree,XPEHEW,CLD-AP65,1.555,55.0,55.0,500,45,3.11,129.5,100,98.1,,,,,,,,,,,,,,,,101.6,,,,,,,,,,,,,,,,,,,,,,101.7,,,,,,,,,,,,,100.1,,,,,,,,,,,,,,,,,,,,,,,,,,,102.2,,,,,,,,,,,,,,,,,102.3,,,,,,,,,,,,,,,,,,,,,,,,,,,102.6,,,,,,,,,,,101.9,,,,,,102.8,,,,,,,,,,,,,
2095,Cree Durham,Cree,XPEHEW,CLD-AP65,1.53,85.0,85.0,500,45,3.06,132.3,100,99.2,,,,,,,,,,,,,,,,100.4,,,,,,,,,,,,,,,,,,,,,,101.3,,,,,,,,,,,,,100.4,,,,,,,,,,,,,,,,,,,,,,,,,,,99.7,,,,,,,,,,,,,,,,,100.4,,,,,,,,,,,,,,,,,,,,,,,,,,,99.2,,,,,,,,,,,98.0,,,,,,95.7,,,,,,,,,,,,,
2096,Cree Durham,Cree,XPEHEW,CLD-AP65,1.55,85.0,85.0,500,45,3.1,132.6,100,100.1,,,,,,,,,,,,,,,,102.8,,,,,,,,,,,,,,,,,,,,,,103.2,,,,,,,,,,,,,100.9,,,,,,,,,,,,,,,,,,,,,,,,,,,100.5,,,,,,,,,,,,,,,,,102.2,,,,,,,,,,,,,,,,,,,,,,,,,,,99.4,,,,,,,,,,,98.9,,,,,,97.4,,,,,,,,,,,,,
2097,Cree Durham,Cree,XPEHEW,CLD-AP65,1.545,85.0,85.0,500,45,3.09,134.7,100,98.2,,,,,,,,,,,,,,,,101.9,,,,,,,,,,,,,,,,,,,,,,96.5,,,,,,,,,,,,,97.3,,,,,,,,,,,,,,,,,,,,,,,,,,,97.6,,,,,,,,,,,,,,,,,96.4,,,,,,,,,,,,,,,,,,,,,,,,,,,96.8,,,,,,,,,,,97.3,,,,,,95.2,,,,,,,,,,,,,
2098,Cree Durham,Cree,XPEHEW,CLD-AP65,1.545,85.0,85.0,500,45,3.09,134.5,100,98.9,,,,,,,,,,,,,,,,101.3,,,,,,,,,,,,,,,,,,,,,,98.1,,,,,,,,,,,,,96.2,,,,,,,,,,,,,,,,,,,,,,,,,,,96.6,,,,,,,,,,,,,,,,,95.3,,,,,,,,,,,,,,,,,,,,,,,,,,,97.4,,,,,,,,,,,97.6,,,,,,96.4,,,,,,,,,,,,,
2099,Cree Durham,Cree,XPEHEW,CLD-AP65,1.555,85.0,85.0,500,45,3.11,128.6,100,99.0,,,,,,,,,,,,,,,,101.2,,,,,,,,,,,,,,,,,,,,,,99.9,,,,,,,,,,,,,98.1,,,,,,,,,,,,,,,,,,,,,,,,,,,99.1,,,,,,,,,,,,,,,,,98.1,,,,,,,,,,,,,,,,,,,,,,,,,,,97.2,,,,,,,,,,,96.8,,,,,,95.4,,,,,,,,,,,,,
2100,Cree Durham,Cree,XPEHEW,CLD-AP65,1.55,85.0,85.0,500,45,3.1,135.1,100,98.3,,,,,,,,,,,,,,,,98.1,,,,,,,,,,,,,,,,,,,,,,95.2,,,,,,,,,,,,,93.7,,,,,,,,,,,,,,,,,,,,,,,,,,,94.8,,,,,,,,,,,,,,,,,93.6,,,,,,,,,,,,,,,,,,,,,,,,,,,95.7,,,,,,,,,,,95.3,,,,,,94.5,,,,,,,,,,,,,
2101,Cree Durham,Cree,XPEHEW,CLD-AP65,1.545,85.0,85.0,500,45,3.09,135.7,100,98.3,,,,,,,,,,,,,,,,98.5,,,,,,,,,,,,,,,,,,,,,,97.2,,,,,,,,,,,,,96.8,,,,,,,,,,,,,,,,,,,,,,,,,,,97.0,,,,,,,,,,,,,,,,,96.1,,,,,,,,,,,,,,,,,,,,,,,,,,,94.9,,,,,,,,,,,95.5,,,,,,93.8,,,,,,,,,,,,,
2102,Cree Durham,Cree,XPEHEW,CLD-AP65,1.55,85.0,85.0,500,45,3.1,130.9,100,98.7,,,,,,,,,,,,,,,,100.0,,,,,,,,,,,,,,,,,,,,,,99.2,,,,,,,,,,,,,96.6,,,,,,,,,,,,,,,,,,,,,,,,,,,97.6,,,,,,,,,,,,,,,,,93.5,,,,,,,,,,,,,,,,,,,,,,,,,,,96.6,,,,,,,,,,,94.8,,,,,,95.4,,,,,,,,,,,,,
2103,Cree Durham,Cree,XPEHEW,CLD-AP65,1.525,85.0,85.0,500,45,3.05,135.9,100,99.0,,,,,,,,,,,,,,,,100.4,,,,,,,,,,,,,,,,,,,,,,97.8,,,,,,,,,,,,,97.4,,,,,,,,,,,,,,,,,,,,,,,,,,,96.9,,,,,,,,,,,,,,,,,95.2,,,,,,,,,,,,,,,,,,,,,,,,,,,94.0,,,,,,,,,,,93.5,,,,,,,,,,,,,,,,,,,
2104,Cree Durham,Cree,XPEHEW,CLD-AP65,1.575,85.0,85.0,500,45,3.15,127.1,100,97.3,,,,,,,,,,,,,,,,99.5,,,,,,,,,,,,,,,,,,,,,,98.8,,,,,,,,,,,,,97.5,,,,,,,,,,,,,,,,,,,,,,,,,,,96.8,,,,,,,,,,,,,,,,,95.5,,,,,,,,,,,,,,,,,,,,,,,,,,,94.2,,,,,,,,,,,94.5,,,,,,,,,,,,,,,,,,,
2105,Cree Durham,Cree,XPEHEW,CLD-AP65,1.545,85.0,85.0,500,45,3.09,129.7,100,98.4,,,,,,,,,,,,,,,,101.8,,,,,,,,,,,,,,,,,,,,,,99.0,,,,,,,,,,,,,99.6,,,,,,,,,,,,,,,,,,,,,,,,,,,98.9,,,,,,,,,,,,,,,,,97.5,,,,,,,,,,,,,,,,,,,,,,,,,,,96.3,,,,,,,,,,,95.2,,,,,,,,,,,,,,,,,,,
2106,Cree Durham,Cree,XPEHEW,CLD-AP65,1.55,85.0,85.0,500,45,3.1,125.7,100,102.8,,,,,,,,,,,,,,,,106.1,,,,,,,,,,,,,,,,,,,,,,103.8,,,,,,,,,,,,,102.0,,,,,,,,,,,,,,,,,,,,,,,,,,,102.2,,,,,,,,,,,,,,,,,101.6,,,,,,,,,,,,,,,,,,,,,,,,,,,98.5,,,,,,,,,,,97.0,,,,,,,,,,,,,,,,,,,
2107,Cree Durham,Cree,XPEHEW,CLD-AP65,1.535,85.0,85.0,500,45,3.07,126.3,100,101.2,,,,,,,,,,,,,,,,100.9,,,,,,,,,,,,,,,,,,,,,,99.3,,,,,,,,,,,,,98.2,,,,,,,,,,,,,,,,,,,,,,,,,,,98.2,,,,,,,,,,,,,,,,,98.4,,,,,,,,,,,,,,,,,,,,,,,,,,,99.6,,,,,,,,,,,97.0,,,,,,97.2,,,,,,,,,,,,,
2108,Cree Durham,Cree,XPEHEW,CLD-AP65,1.53,85.0,85.0,500,45,3.06,132.7,100,100.9,,,,,,,,,,,,,,,,100.9,,,,,,,,,,,,,,,,,,,,,,99.3,,,,,,,,,,,,,100.6,,,,,,,,,,,,,,,,,,,,,,,,,,,99.8,,,,,,,,,,,,,,,,,98.9,,,,,,,,,,,,,,,,,,,,,,,,,,,101.3,,,,,,,,,,,100.2,,,,,,98.0,,,,,,,,,,,,,
2109,Cree Durham,Cree,XPEHEW,CLD-AP65,1.53,85.0,85.0,500,45,3.06,133.9,100,100.0,,,,,,,,,,,,,,,,100.9,,,,,,,,,,,,,,,,,,,,,,99.8,,,,,,,,,,,,,97.5,,,,,,,,,,,,,,,,,,,,,,,,,,,97.4,,,,,,,,,,,,,,,,,97.3,,,,,,,,,,,,,,,,,,,,,,,,,,,99.3,,,,,,,,,,,98.3,,,,,,97.9,,,,,,,,,,,,,
2110,Cree Durham,Cree,XPEHEW,CLD-AP65,1.53,85.0,85.0,500,45,3.06,127.9,100,97.8,,,,,,,,,,,,,,,,98.0,,,,,,,,,,,,,,,,,,,,,,97.4,,,,,,,,,,,,,96.8,,,,,,,,,,,,,,,,,,,,,,,,,,,97.4,,,,,,,,,,,,,,,,,97.2,,,,,,,,,,,,,,,,,,,,,,,,,,,99.7,,,,,,,,,,,98.3,,,,,,96.6,,,,,,,,,,,,,
2111,Cree Durham,Cree,XPEHEW,CLD-AP65,1.54,85.0,85.0,500,45,3.08,127.7,100,99.5,,,,,,,,,,,,,,,,99.2,,,,,,,,,,,,,,,,,,,,,,98.1,,,,,,,,,,,,,98.1,,,,,,,,,,,,,,,,,,,,,,,,,,,98.0,,,,,,,,,,,,,,,,,97.6,,,,,,,,,,,,,,,,,,,,,,,,,,,98.1,,,,,,,,,,,97.6,,,,,,96.6,,,,,,,,,,,,,
2112,Cree Durham,Cree,XPEHEW,CLD-AP65,1.55,85.0,85.0,500,45,3.1,134.9,100,97.9,,,,,,,,,,,,,,,,98.2,,,,,,,,,,,,,,,,,,,,,,97.6,,,,,,,,,,,,,96.5,,,,,,,,,,,,,,,,,,,,,,,,,,,96.7,,,,,,,,,,,,,,,,,96.8,,,,,,,,,,,,,,,,,,,,,,,,,,,97.0,,,,,,,,,,,96.8,,,,,,96.2,,,,,,,,,,,,,
2113,Cree Durham,Cree,XPEHEW,CLD-AP65,1.55,85.0,85.0,500,45,3.1,136.3,100,98.9,,,,,,,,,,,,,,,,98.9,,,,,,,,,,,,,,,,,,,,,,97.7,,,,,,,,,,,,,97.2,,,,,,,,,,,,,,,,,,,,,,,,,,,97.6,,,,,,,,,,,,,,,,,97.3,,,,,,,,,,,,,,,,,,,,,,,,,,,98.7,,,,,,,,,,,98.5,,,,,,97.9,,,,,,,,,,,,,
2114,Cree Durham,Cree,XPEHEW,CLD-AP65,1.545,85.0,85.0,500,45,3.09,129.9,100,101.0,,,,,,,,,,,,,,,,100.2,,,,,,,,,,,,,,,,,,,,,,99.7,,,,,,,,,,,,,98.6,,,,,,,,,,,,,,,,,,,,,,,,,,,98.6,,,,,,,,,,,,,,,,,98.7,,,,,,,,,,,,,,,,,,,,,,,,,,,100.2,,,,,,,,,,,99.1,,,,,,98.8,,,,,,,,,,,,,
2115,Cree Durham,Cree,XPEHEW,CLD-AP65,1.55,85.0,85.0,500,45,3.1,120.4,100,97.6,,,,,,,,,,,,,,,,101.3,,,,,,,,,,,,,,,,,,,,,,99.4,,,,,,,,,,,,,98.4,,,,,,,,,,,,,,,,,,,,,,,,,,,98.5,,,,,,,,,,,,,,,,,98.4,,,,,,,,,,,,,,,,,,,,,,,,,,,97.5,,,,,,,,,,,96.3,,,,,,94.2,,,,,,,,,,,,,
2116,Cree Durham,Cree,XPEHEW,CLD-AP65,1.545,85.0,85.0,500,45,3.09,126.8,100,97.5,,,,,,,,,,,,,,,,101.3,,,,,,,,,,,,,,,,,,,,,,98.5,,,,,,,,,,,,,97.9,,,,,,,,,,,,,,,,,,,,,,,,,,,97.9,,,,,,,,,,,,,,,,,98.1,,,,,,,,,,,,,,,,,,,,,,,,,,,96.9,,,,,,,,,,,95.8,,,,,,94.1,,,,,,,,,,,,,
2117,Cree Durham,Cree,XPEHEW,CLD-AP65,1.54,85.0,85.0,500,45,3.08,127.1,100,97.9,,,,,,,,,,,,,,,,99.6,,,,,,,,,,,,,,,,,,,,,,97.8,,,,,,,,,,,,,96.9,,,,,,,,,,,,,,,,,,,,,,,,,,,97.0,,,,,,,,,,,,,,,,,97.2,,,,,,,,,,,,,,,,,,,,,,,,,,,95.7,,,,,,,,,,,95.3,,,,,,93.9,,,,,,,,,,,,,
2118,Cree Durham,Cree,XPEHEW,CLD-AP65,1.535,85.0,85.0,500,45,3.07,134.4,100,101.2,,,,,,,,,,,,,,,,101.3,,,,,,,,,,,,,,,,,,,,,,100.3,,,,,,,,,,,,,100.8,,,,,,,,,,,,,,,,,,,,,,,,,,,100.0,,,,,,,,,,,,,,,,,100.4,,,,,,,,,,,,,,,,,,,,,,,,,,,99.1,,,,,,,,,,,98.0,,,,,,95.8,,,,,,,,,,,,,
2119,Cree Durham,Cree,XPEHEW,CLD-AP65,1.55,85.0,85.0,500,45,3.1,130.2,100,101.1,,,,,,,,,,,,,,,,103.8,,,,,,,,,,,,,,,,,,,,,,101.0,,,,,,,,,,,,,99.8,,,,,,,,,,,,,,,,,,,,,,,,,,,100.1,,,,,,,,,,,,,,,,,100.1,,,,,,,,,,,,,,,,,,,,,,,,,,,99.3,,,,,,,,,,,96.3,,,,,,95.1,,,,,,,,,,,,,
